Compound,Date,Favorite Count,Retweet Count,Text
0.8591,Wed Apr 18 00:10:33 +0000 2018,613,613,"Throughout her life, Barbara Bush showed us all the importance of charity, literacy, and love of country. Our thoug‚Ä¶ https://t.co/gWRsnRnCzr"
0.0,Mon Apr 09 22:57:32 +0000 2018,17236,17236,"Every Apple store, every data center, every Apple corporate office ‚Äî everywhere ‚Äî is now powered by 100 percent ren‚Ä¶ https://t.co/FaWrMqlKK2"
0.3818,Mon Apr 09 13:30:21 +0000 2018,2266,2266,"Thanks to Apple customers around the world for helping raise more than $160 million for @RED, fighting the spread o‚Ä¶ https://t.co/jPGVyJA6t5"
-0.8126,Sat Apr 07 16:30:19 +0000 2018,1196,1196,Our hearts go out to the victims in M√ºnster and their families today in the wake of another tragic attack. üá©üá™
0.6114,Sat Apr 07 04:42:04 +0000 2018,1125,1125,"Apple loves Tokyo and our customers, employees, developers and partners across Japan! Apple Shinjuku is here for yo‚Ä¶ https://t.co/5gISFY7HWv"
0.7096,Wed Apr 04 20:30:56 +0000 2018,354,354,Great visit @LawsonStateCC. Alabama‚Äôs @ACCS_Education is the first to roll out the Swift Coding Curriculum statewid‚Ä¶ https://t.co/L9zpxrkGMK
0.4404,Wed Apr 04 18:10:06 +0000 2018,435,435,"Full of hope this morning, hearing from hundreds of Alabama students who are carrying Dr. King's legacy into the fu‚Ä¶ https://t.co/sqqHPlo99L"
0.8689,Wed Apr 04 16:50:33 +0000 2018,1268,1268,"It‚Äôs an honor to be in Birmingham celebrating Dr. King‚Äôs life today. ""Let us all hope that...in some not too distan‚Ä¶ https://t.co/MXZ3zbFyZy"
0.3862,Tue Apr 03 21:52:26 +0000 2018,7348,7348,"From everyone at Apple, we send our sympathy and support to the team at YouTube and Google, especially the victims and their families."
0.9517,Sun Apr 01 14:05:28 +0000 2018,1384,1384,"Wishing a #HappyEaster to people everywhere. May we all enjoy the blessings of peace, hope and kindness."
0.4215,Fri Mar 30 21:25:55 +0000 2018,589,589,Chag Sameach to everyone around the world sharing the story of Passover tonight.
0.8779,Tue Mar 27 19:53:04 +0000 2018,810,810,Thanks to the students and faculty of Lane Tech for being our gracious hosts. Rich with history and forward-thinkin‚Ä¶ https://t.co/0ZKhAZDPK5
0.75,Tue Mar 27 12:46:22 +0000 2018,2745,2745,"Good morning, Chicago! We‚Äôre going back to school today for some exciting announcements in education. https://t.co/7FhJ927reO"
0.1154,Tue Mar 27 00:41:27 +0000 2018,1410,1410,"""In the field of public education the doctrine of 'separate but equal' has no place."" Thank you to Linda Brown for‚Ä¶ https://t.co/xnC3QXWHoT"
0.8858,Mon Mar 26 00:24:16 +0000 2018,600,600,Congratulations to @DukeMBB and Coach K on a terrific season!  You make us all proud #Duke
0.4019,Mon Mar 19 17:22:23 +0000 2018,730,730,"We stand with our Austin coworkers, friends and neighbors who are facing such senseless attacks. Thank you to all t‚Ä¶ https://t.co/twekVmGdze"
0.8395,Sat Mar 17 12:49:19 +0000 2018,807,807,Happy #StPatricksDay to our team in Ireland and everyone celebrating around the world! Sl√°inte!
0.4234,Wed Mar 14 12:58:16 +0000 2018,9660,9660,"‚ÄúThe greatest enemy of knowledge is not ignorance, it is the illusion of knowledge.‚Äù -Stephen Hawking. We will alwa‚Ä¶ https://t.co/WliBtbxEIU"
0.3818,Thu Mar 08 14:01:10 +0000 2018,3118,3118,‚ÄúThere are two powers in the world; one is the sword and the other is the pen. There is a third power stronger than‚Ä¶ https://t.co/gjbyF6alPW
0.9576,Sat Mar 03 22:43:23 +0000 2018,1020,1020,So proud of @AuburnMBB @coachbrucepearl on winning the SEC Championship. Congrats! Party like its 1999!
0.8591,Wed Apr 18 00:10:33 +0000 2018,613,613,"Throughout her life, Barbara Bush showed us all the importance of charity, literacy, and love of country. Our thoug‚Ä¶ https://t.co/gWRsnRnCzr"
0.0,Mon Apr 09 22:57:32 +0000 2018,17236,17236,"Every Apple store, every data center, every Apple corporate office ‚Äî everywhere ‚Äî is now powered by 100 percent ren‚Ä¶ https://t.co/FaWrMqlKK2"
0.3818,Mon Apr 09 13:30:21 +0000 2018,2266,2266,"Thanks to Apple customers around the world for helping raise more than $160 million for @RED, fighting the spread o‚Ä¶ https://t.co/jPGVyJA6t5"
-0.8126,Sat Apr 07 16:30:19 +0000 2018,1196,1196,Our hearts go out to the victims in M√ºnster and their families today in the wake of another tragic attack. üá©üá™
0.6114,Sat Apr 07 04:42:04 +0000 2018,1125,1125,"Apple loves Tokyo and our customers, employees, developers and partners across Japan! Apple Shinjuku is here for yo‚Ä¶ https://t.co/5gISFY7HWv"
0.7096,Wed Apr 04 20:30:56 +0000 2018,354,354,Great visit @LawsonStateCC. Alabama‚Äôs @ACCS_Education is the first to roll out the Swift Coding Curriculum statewid‚Ä¶ https://t.co/L9zpxrkGMK
0.4404,Wed Apr 04 18:10:06 +0000 2018,435,435,"Full of hope this morning, hearing from hundreds of Alabama students who are carrying Dr. King's legacy into the fu‚Ä¶ https://t.co/sqqHPlo99L"
0.8689,Wed Apr 04 16:50:33 +0000 2018,1268,1268,"It‚Äôs an honor to be in Birmingham celebrating Dr. King‚Äôs life today. ""Let us all hope that...in some not too distan‚Ä¶ https://t.co/MXZ3zbFyZy"
0.3862,Tue Apr 03 21:52:26 +0000 2018,7348,7348,"From everyone at Apple, we send our sympathy and support to the team at YouTube and Google, especially the victims and their families."
0.9517,Sun Apr 01 14:05:28 +0000 2018,1384,1384,"Wishing a #HappyEaster to people everywhere. May we all enjoy the blessings of peace, hope and kindness."
0.4215,Fri Mar 30 21:25:55 +0000 2018,589,589,Chag Sameach to everyone around the world sharing the story of Passover tonight.
0.8779,Tue Mar 27 19:53:04 +0000 2018,810,810,Thanks to the students and faculty of Lane Tech for being our gracious hosts. Rich with history and forward-thinkin‚Ä¶ https://t.co/0ZKhAZDPK5
0.75,Tue Mar 27 12:46:22 +0000 2018,2745,2745,"Good morning, Chicago! We‚Äôre going back to school today for some exciting announcements in education. https://t.co/7FhJ927reO"
0.1154,Tue Mar 27 00:41:27 +0000 2018,1410,1410,"""In the field of public education the doctrine of 'separate but equal' has no place."" Thank you to Linda Brown for‚Ä¶ https://t.co/xnC3QXWHoT"
0.8858,Mon Mar 26 00:24:16 +0000 2018,600,600,Congratulations to @DukeMBB and Coach K on a terrific season!  You make us all proud #Duke
0.4019,Mon Mar 19 17:22:23 +0000 2018,730,730,"We stand with our Austin coworkers, friends and neighbors who are facing such senseless attacks. Thank you to all t‚Ä¶ https://t.co/twekVmGdze"
0.8395,Sat Mar 17 12:49:19 +0000 2018,807,807,Happy #StPatricksDay to our team in Ireland and everyone celebrating around the world! Sl√°inte!
0.4234,Wed Mar 14 12:58:16 +0000 2018,9660,9660,"‚ÄúThe greatest enemy of knowledge is not ignorance, it is the illusion of knowledge.‚Äù -Stephen Hawking. We will alwa‚Ä¶ https://t.co/WliBtbxEIU"
0.3818,Thu Mar 08 14:01:10 +0000 2018,3118,3118,‚ÄúThere are two powers in the world; one is the sword and the other is the pen. There is a third power stronger than‚Ä¶ https://t.co/gjbyF6alPW
0.9576,Sat Mar 03 22:43:23 +0000 2018,1020,1020,So proud of @AuburnMBB @coachbrucepearl on winning the SEC Championship. Congrats! Party like its 1999!
0.7003,Fri Mar 02 16:29:37 +0000 2018,1640,1640,"Stunning photos that capture the colorful festival of Holi by @prashvish in Nandgaon, @amitmehraphoto in Vrindavan‚Ä¶ https://t.co/7yDoSvRWNC"
0.6588,Wed Feb 28 14:55:40 +0000 2018,543,543,"Another great way to close those Activity Rings this ski season!
https://t.co/GxZ5RHji74"
0.7712,Sun Feb 25 00:07:39 +0000 2018,425,425,Thank you for the warm welcome Austria! üá¶üáπ https://t.co/26aD4caxVC
0.4939,Sat Feb 24 16:53:46 +0000 2018,15452,15452,"Remembering Steve, our friend and leader, on his 63rd birthday: ""The thing that bound us together at Apple was the‚Ä¶ https://t.co/d68tUiF8zV"
0.6808,Mon Feb 19 18:08:32 +0000 2018,1283,1283,"‚ÄúLet us have faith that right makes might, and in that faith, let us, to the end, dare to do our duty as we underst‚Ä¶ https://t.co/rdrAdgXWrw"
0.8932,Fri Feb 16 01:54:07 +0000 2018,1064,1064,"Wishing our customers around the world a happy, healthy and prosperous #YearoftheDog Êñ∞Âπ¥ÂÖ¥Êó∫!"
0.5994,Thu Feb 15 00:33:05 +0000 2018,2255,2255,"We pray for the victims of today‚Äôs shooting in Florida, for their families and loved ones, and for an end to the se‚Ä¶ https://t.co/ULhOrdImxl"
0.0,Sat Feb 10 23:32:20 +0000 2018,416,416,"Brasil, aproveitem o feriado dessa festa t√£o bonita! üáßüá∑ #ShotoniPhone by @lalai #iPhoneX https://t.co/BdNYPUmWXT"
0.658,Fri Feb 09 21:08:22 +0000 2018,1028,1028,"Hey Siri, play my weekend playlist! Excited to meet new HomePod owners at our store at Apple Park today! https://t.co/qfrZDuWemv"
0.7901,Thu Feb 08 14:34:25 +0000 2018,1209,1209,Time to do something good for your heart! Earn this Heart Month Challenge award on Apple Watch by closing your Exer‚Ä¶ https://t.co/9Om3uud0sN
0.8622,Tue Feb 06 20:42:48 +0000 2018,822,822,"Listen up! @TechCrunch says: ""Apple‚Äôs HomePod is easily the best sounding mainstream smart speaker ever.‚Äù https://t.co/TFdIxPSrHG"
0.6124,Wed Jan 31 23:16:31 +0000 2018,1187,1187,"Gorgeous #ShotoniPhone photos from around the world taken by lukeshadbolt in Niseko, Japan, @Izkiz in Cappadocia, T‚Ä¶ https://t.co/xCq0VFIo8l"
0.9337,Tue Jan 30 21:26:24 +0000 2018,377,377,Thanks @andyyto for sharing this stunning #ShotoniPhone photo. Love seeing what our customers are creating with iPh‚Ä¶ https://t.co/7wGSB9hv7o
-0.8316,Sat Jan 27 18:52:24 +0000 2018,2321,2321,The @HolocaustMuseum is a profound reminder that we must speak up in the face of hate and racism in our world. We m‚Ä¶ https://t.co/K7NM9Htm1I
0.8832,Tue Jan 23 15:17:17 +0000 2018,592,592,"Thank you, Toronto, for showing me your culture, your passion, and your creativity! Hope to see you again soon. / M‚Ä¶ https://t.co/cHRFICQ0PB"
0.891,Tue Jan 23 14:58:18 +0000 2018,344,344,"Congrats and best of luck to these year 4 students at @SheridanCollege, kicking off their app development projects‚Ä¶ https://t.co/LBVzvQX0qj"
0.5562,Tue Jan 23 03:14:31 +0000 2018,362,362,Thanks @MapleLeafs and @RealKyper for an exciting night of hockey! Tough Loss. #GoLeafsGo / Merci aux @MapleLeafs e‚Ä¶ https://t.co/bUNf72eFMm
0.9451,Tue Jan 23 02:12:32 +0000 2018,315,315,Loved what I heard at the studio today. Great to meet you @DanielCaesar and best of luck this week at the #Grammys.‚Ä¶ https://t.co/UAH0oVfF4B
0.807,Mon Jan 22 20:31:31 +0000 2018,696,696,Thanks @tobi and @Shopify for showing me your latest work with AR and VR. Great to be back in Canada! / Merci @tobi‚Ä¶ https://t.co/HrWxyIFGwu
0.9423,Mon Jan 22 13:59:51 +0000 2018,2884,2884,"Apple is proud to support the courageous, visionary @Malala in advancing every girl‚Äôs right to 12 years of free, sa‚Ä¶ https://t.co/IHp3cmASbv"
0.5574,Fri Jan 19 17:11:29 +0000 2018,521,521,"Thanks to the students, teachers and staff @HarlowCollege outside London, one of the first in Europe to adopt Apple‚Ä¶ https://t.co/a9MrN7bleR"
0.6688,Thu Jan 18 02:20:38 +0000 2018,420,420,Hello from the biggest little store in the Apple family! Loved meeting our Reno team‚Äîthanks for all you do! https://t.co/rlxNydOqt4
0.0,Wed Jan 17 21:40:09 +0000 2018,966,966,"Breaking ground in Reno today with @GovSandoval &amp; @MayorSchieve as part of our data center expansion plan, one of m‚Ä¶ https://t.co/DT4Gw0Gdsg"
0.6114,Tue Jan 16 23:30:04 +0000 2018,209,209,"It was a pleasure talking to you, @rebeccaekahn! Looking forward to more conversations between Apple and the bright‚Ä¶ https://t.co/T5HV7X5C7q"
0.6369,Mon Jan 15 22:07:35 +0000 2018,794,794,MLK reminded us to live our values and serve our communities. Thank you to the hundreds of Apple employees who volu‚Ä¶ https://t.co/8FMAWN0QC2
0.6414,Mon Jan 15 13:29:02 +0000 2018,5186,5186,‚ÄúDarkness cannot drive out darkness; only light can do that. Hate cannot drive out hate; only love can do that.‚Äù Le‚Ä¶ https://t.co/BQve2nmLqt
-0.3182,Thu Jan 11 03:26:10 +0000 2018,891,891,"Our prayers are with the victims of the Southern California mudslides, their families and the first responders work‚Ä¶ https://t.co/De2CnhuzCR"
0.4019,Mon Jan 01 14:57:53 +0000 2018,3682,3682,"As we begin 2018, my New Year‚Äôs wish for everyone is in the words RFK spoke nearly half a century ago. ‚ÄúLet us dedi‚Ä¶ https://t.co/mNO9oMCHMT"
0.6988,Mon Jan 01 05:12:41 +0000 2018,3633,3633,"Goodbye 2017, Hello 2018! The best year yet starts now. #HappyNewYear to everyone!"
0.9274,Mon Dec 25 14:35:39 +0000 2017,2500,2500,"To my friends and coworkers, and everyone celebrating around the world, I wish you and your families a joyous, peac‚Ä¶ https://t.co/PmJOq5azdb"
0.7783,Fri Dec 22 20:51:53 +0000 2017,1069,1069,"Here‚Äôs to the tens of thousands of dedicated Apple Retail employees around the world, spreading joy at the busiest‚Ä¶ https://t.co/dZ0zrZTfit"
0.0,Thu Dec 21 15:09:08 +0000 2017,2997,2997,You never know who you‚Äôll run into on the Apple campus! The power of ARKit is coming to @PokemonGoApp today ‚Äî takin‚Ä¶ https://t.co/wwDk9NbAng
0.0,Mon Dec 18 01:31:40 +0000 2017,434,434,"This story makes our hearts sing! @Adam_G88 and the P177Q iPad Band, you are all rock stars. Keep making music!‚Ä¶ https://t.co/esDm4eTUhe"
0.4019,Thu Dec 14 19:53:51 +0000 2017,625,625,"If ever there were an occasion to come together to help people, this is it. Congress must act before the end of the‚Ä¶ https://t.co/ImOrnVhsO3"
0.6239,Thu Dec 14 14:37:28 +0000 2017,2188,2188,iMac Pro is here! Workstation-class performance and that brilliant 5K display ‚Äî we think you pros are going to love‚Ä¶ https://t.co/BEXw4KAeyZ
0.7901,Wed Dec 13 18:53:56 +0000 2017,525,525,"Innovation in the heart of Texas! Proud to team up with @Finisar, the latest recipient from our Advanced Manufactur‚Ä¶ https://t.co/bDykfC9cwy"
0.5994,Tue Dec 12 21:28:03 +0000 2017,377,377,Excited to work with @ChicagosMayor @ChiPubSchools @ChiCityColleges &amp; local organizations like @1871Chicago to help‚Ä¶ https://t.co/NuXx6DS5o8
0.851,Tue Dec 12 12:39:42 +0000 2017,949,949,A very happy #Hanukkah to everyone celebrating! !◊ó◊†◊ï◊õ◊î ◊©◊û◊ó
0.6124,Sun Dec 10 18:54:47 +0000 2017,1677,1677,"Beyond the urgent, never-ending work of protecting the rights we enjoy, each generation ‚Äî including ours ‚Äî has a re‚Ä¶ https://t.co/FoCt9cbgcP"
0.6808,Sat Dec 09 20:37:07 +0000 2017,574,574,"Thanks to the Apple team for our biggest @ToysForTots_USA collection yet, and to @USMC for making the holiday seaso‚Ä¶ https://t.co/GQ3YStgTyZ"
0.9217,Sat Dec 09 02:05:05 +0000 2017,743,743,A huge thanks @gwenstefani for celebrating the holidays with us and performing from your new holiday album. It was‚Ä¶ https://t.co/UKTxwwNEwW
0.8126,Fri Dec 08 02:53:03 +0000 2017,977,977,Imagination and creativity drives us at Apple. Thank you to the talented artists and creatives who kept us inspired‚Ä¶ https://t.co/Pl1pcKzyW9
0.6369,Wed Dec 06 23:23:30 +0000 2017,962,962,Thank you @JustinTrudeau on behalf of our Canadian employees and everyone at Apple. We appreciate your deep commitm‚Ä¶ https://t.co/zftSrLP7Wi
-0.3612,Wed Dec 06 21:33:10 +0000 2017,983,983,"Our thoughts are with our fellow Californians affected by the devastating wildfires, and the brave firefighters wor‚Ä¶ https://t.co/5y1Md5dPd5"
0.6705,Mon Dec 04 12:42:34 +0000 2017,1617,1617,"Coding is the language of the future, giving people of all ages and backgrounds the chance to create something new.‚Ä¶ https://t.co/N7tMj4iF8q"
0.6908,Thu Nov 30 23:10:27 +0000 2017,553,553,"This #WorldAIDSDay we celebrate saving lives, through 144 million days‚Äô worth of medication to prevent the transmis‚Ä¶ https://t.co/U6CQsey1GG"
0.8689,Wed Nov 29 03:22:52 +0000 2017,3655,3655,Everyone should have the opportunity to learn to code. We‚Äôre celebrating #HourofCode with free workshops next week‚Ä¶ https://t.co/iDL6Neohrs
0.5697,Sun Nov 26 01:04:56 +0000 2017,1767,1767,So proud of @AuburnFootball @CoachGusMalzahn This is our time!
0.0,Fri Nov 24 20:40:48 +0000 2017,5835,5835,ŸÜÿπÿ®ŸêŸëÿ± ÿπŸÜ ÿ£ÿ≥ŸÅŸÜÿß ÿßŸÑÿ¥ÿØŸäÿØ ÿ™ÿ¨ÿßŸá ÿßŸÑŸáÿ¨ŸàŸÖ ÿßŸÑŸÖÿ±Ÿàÿπ ÿπŸÑŸâ ŸÖÿ≥ÿ¨ÿØ ÿßŸÑÿ±Ÿàÿ∂ÿ© ŸÅŸä ŸÖÿµÿ± ŸàŸÜÿπÿ≤Ÿä ÿ¨ŸÖŸäÿπ ÿ£ŸáŸÑŸáÿß.  üá™üá¨
0.9285,Thu Nov 23 16:47:53 +0000 2017,1463,1463,"Happy #Thanksgiving! Grateful this year for family and friends, the incredibly talented team at Apple and our customers all over the world."
0.7177,Wed Nov 15 00:32:15 +0000 2017,3137,3137,Congratulations Australia! Another important step toward equality for all. üá¶üá∫ #MarriageEquality
0.9097,Sun Nov 12 00:15:07 +0000 2017,1581,1581,Congratulations @AuburnFootball @CoachGusMalzahn on an EPIC win! Couldn‚Äôt be prouder.  See you in 2 weeks. WDE! #Auburn
0.7964,Sat Nov 11 18:54:05 +0000 2017,953,953,"Happy #VeteransDay to the brave men and women who have served in our armed forces, and all those who have supported‚Ä¶ https://t.co/1PSVe7XlR8"
0.9271,Sat Nov 11 00:50:40 +0000 2017,420,420,"Honored to welcome Gen. Lori Robinson to campus today, and proud to work alongside so many courageous veterans here‚Ä¶ https://t.co/yXG0mjJu9y"
0.906,Thu Nov 09 23:49:35 +0000 2017,801,801,Love the amazing photos we‚Äôre seeing from iPhone X users! Check out this stunning work by @Austinmann #ShotoniPhone‚Ä¶ https://t.co/lKLVHjz71r
-0.9231,Sun Nov 05 21:15:24 +0000 2017,1766,1766,"Shocked and sorrowed by the heartbreaking news from Texas. Prayers for all those touched by violence today: victims, survivors, worshippers."
0.899,Sat Nov 04 01:36:07 +0000 2017,1169,1169,"To all my incredibly talented coworkers, congratulations on the launch of iPhone X! Thanks @WALKTHEMOONband for cel‚Ä¶ https://t.co/HAATe3QfSz"
0.0,Thu Nov 02 23:51:34 +0000 2017,2957,2957,"iPhone X is here! A big thank-you to all our customers in Sydney, and everyone turning out around the world Friday!‚Ä¶ https://t.co/CeWBakmWDg"
0.0,Wed Nov 01 19:23:20 +0000 2017,2117,2117,Gotta wait til Friday! Meet me at the Apple Store at 8 a.m. ‚Äî we‚Äôll let you open the doors! #iPhone https://t.co/r9hFywLn3z
0.5994,Tue Oct 31 23:29:51 +0000 2017,1604,1604,"Tonight our hearts are with the victims, their families and all the people of New York. Stay safe and stay strong."
0.8979,Thu Oct 26 01:09:51 +0000 2017,1437,1437,"""If you love the life you live, live it every day.‚Äù Fats Domino inspired generations. His music &amp; legacy will live on forever. Rest in peace"
0.8834,Sat Oct 21 21:28:47 +0000 2017,299,299,"Thanks @ChicagosMayor for a great conversation about education, diversity and Apple‚Äôs strong ties with Chicago. https://t.co/nqjiCf6edh"
0.69,Sat Oct 21 00:15:06 +0000 2017,758,758,"My kind of town, Chicago is üé∂ My kind of people, too. Thank you, Chicago, for welcoming us to the Riverwalk! https://t.co/6WhORpMdR5"
0.9449,Thu Oct 19 02:34:07 +0000 2017,2153,2153,"Happy #Diwali! May the festival of lights spread love, peace &amp; prosperity to all!  #ShotoniPhone by @prashvish https://t.co/Ax8NLXPzzM"
0.8074,Mon Oct 16 15:30:00 +0000 2017,722,722,"To our friends, coworkers and all those in the path of #Ophelia - please stay safe. üáÆüá™ üá¨üáß"
0.8834,Fri Oct 13 17:48:55 +0000 2017,432,432,Enjoyed talking with the bright students from the Osservatorio program in Firenze today. Great questions- Grazie e‚Ä¶ https://t.co/l9b5HJUOMw
0.8834,Fri Oct 13 06:42:20 +0000 2017,528,528,Thanks to the many talented iOS app developers who previewed AR features for me this week. Hearing great ideas acro‚Ä¶ https://t.co/RC88Hdjpf7
0.6808,Thu Oct 12 14:02:22 +0000 2017,1018,1018,"A visit to the breathtaking forests of northern Sweden with @IggesundAB, our partners in innovation and sustainable‚Ä¶ https://t.co/eH4LgH6XCt"
0.923,Wed Oct 11 13:36:57 +0000 2017,589,589,Robot dance party! ü§ñ Thanks to these talented young coders from @HT_Primary. Great to meet you today at Apple Regen‚Ä¶ https://t.co/hjzmqt4mON
0.8777,Tue Oct 10 15:45:58 +0000 2017,1127,1127,Our thoughts are with our Bay Area friends &amp; neighbors affected by wildfires. Please stay safe! Apple is donating to aid relief efforts.
0.636,Mon Oct 09 13:58:56 +0000 2017,282,282,Tr√®s impressionn√© par l‚Äôexp√©rience @CoachGuitar. Congratulations on 6M downloads! We can‚Äôt wait to see what you do‚Ä¶ https://t.co/cXSAHhoOBZ
0.9042,Mon Oct 09 13:38:01 +0000 2017,360,360,"Thrilled to meet this team of entrepreneurs @my_little_paris, whose success is born from creativity and passion. https://t.co/kQ18e3Zghe"
0.5106,Mon Oct 09 08:26:46 +0000 2017,843,843,"At Normandy, honoring those who made the ultimate sacrifice. ‚ÄúThink not only upon their passing. Remember the glory‚Ä¶ https://t.co/k7EtSphO1a"
0.8885,Mon Oct 09 08:00:12 +0000 2017,866,866,"Thanks to my friends at Eldim, a team of talented engineers and craftspeople helping make iPhone possible. Bravo po‚Ä¶ https://t.co/PQVYBCOSUJ"
0.296,Fri Oct 06 21:50:21 +0000 2017,736,736,Saluting the many #womenintech representing Apple at #GHC17 and helping build the future of our industry. https://t.co/NIC18EL8Oo
0.7579,Thu Oct 05 12:47:18 +0000 2017,17308,17308,"Remembering Steve today. Still with us, still inspiring us. ‚ÄúMake something wonderful, and put it out there.‚Äù https://t.co/7aOCPkwU0U"
0.8074,Tue Oct 03 18:48:10 +0000 2017,607,607,Our condolences to the Otellini family and everyone at Intel. Paul was a great friend of Apple. https://t.co/D8Y8rmYP4x
0.5859,Tue Oct 03 15:43:06 +0000 2017,1148,1148,"""You can stand me up at the gates of Hell / But I won't back down.‚Äù Rest in peace, #TomPetty. Thank you for your music and inspiration."
-0.1779,Mon Oct 02 13:26:59 +0000 2017,2656,2656,"Our hearts are with the victims in Las Vegas, their families and loved ones who are grieving this morning."
0.3612,Sat Sep 30 22:43:31 +0000 2017,5961,5961,This is what leadership looks like. https://t.co/oWuHpp8U4b
0.8591,Fri Sep 29 19:52:58 +0000 2017,1506,1506,Our hearts are with Puerto Rico. La Isla del Encantoüáµüá∑ will rise again. Please join us in supporting relief efforts: https://t.co/QLBMFOjaDG
0.3818,Thu Sep 28 23:20:48 +0000 2017,2406,2406,"At Apple, we believe privacy is a fundamental human right. Read the latest on our efforts to protect your data: https://t.co/5Nl278U3oy"
0.5859,Sat Sep 23 01:25:11 +0000 2017,889,889,Portrait Lighting on the new iPhone 8 Plus by @oyuelaphoto is amazing. Can‚Äôt wait to see what our customers do with‚Ä¶ https://t.co/ig8EaGgjcl
0.0,Fri Sep 22 21:47:36 +0000 2017,810,810,The first thing you do with your new #AppleWatchSeries3: Call Mom https://t.co/nS3XUvp2zy https://t.co/qcll0YbZye
0.4939,Thu Sep 21 20:50:04 +0000 2017,25053,25053,"Mientras hay vida, hay esperanza. Mexico‚Äôs resilience is its strength. Apple is contributing $1M to recovery efforts. #FuerzaMexico üá≤üáΩ"
0.6892,Wed Sep 20 18:47:51 +0000 2017,1242,1242,"It was great to meet you, Alex! Looking forward to seeing you at WWDC 2018! @TheAbilityApp @TheEllenShow https://t.co/dFHI7WLAHQ"
0.0,Tue Sep 19 23:50:22 +0000 2017,11410,11410,Nuestros pensamientos est√°n con todos los afectados por el terremoto que sufri√≥ M√©xico hoy. Rezando por nuestros amigos y colegas. üá≤üáΩ
0.7901,Tue Sep 12 15:11:43 +0000 2017,16969,16969,It's a big day at Apple! We are honored and thrilled to host our first keynote at the Steve Jobs Theater this morni‚Ä¶ https://t.co/dtB76zXt7K
0.8655,Fri Sep 08 22:08:59 +0000 2017,885,885,Our thoughts and prayers are with those affected by #Irma. Please stay safe! Apple is proud to support #HandInHand. https://t.co/BYJ6qPWh4p
0.4753,Thu Sep 07 22:46:56 +0000 2017,473,473,"Powerful stories, striking portraits! Bravo @TIME and Luisa Dorr #ShotoniPhone #SheIsTheFirst https://t.co/i5hS8IFgE8"
-0.3818,Tue Sep 05 18:33:23 +0000 2017,13046,13046,#Dreamers contribute to our companies and our communities just as much as you and I. Apple will fight for them to be treated as equals.
0.7964,Sun Sep 03 12:38:13 +0000 2017,55091,55091,250 of my Apple coworkers are #Dreamers. I stand with them. They deserve our respect as equals and a solution rooted in American values.
0.5719,Sun Aug 27 13:01:47 +0000 2017,1483,1483,Prayers for Texas and all those affected by #HurricaneHarvey. Join us in the relief effort by donating: https://t.co/QLBMFOjaDG
0.4404,Sat Aug 26 20:06:21 +0000 2017,2250,2250,"Saluting the incredible women at Apple, and around the world, who are leading the way to a better future. #WomensEqualityDay"
0.9359,Fri Aug 25 21:04:30 +0000 2017,493,493,"Thanks to all my friends in Texas, new and old, for another amazing visit! Please stay safe as the storm comes ashore."
0.8748,Fri Aug 25 20:38:45 +0000 2017,498,498,Visiting our great customers and employees today at Apple The Domain was a treat. Apple ‚ù§Ô∏è Austin! Thanks for 25 fa‚Ä¶ https://t.co/xrACHz6kvj
0.9062,Fri Aug 25 20:07:00 +0000 2017,865,865,Apple has the best customer service because we have the best people. Thrilled to see #AppleCare advisors in action‚Ä¶ https://t.co/Z05xt1GMK2
0.802,Fri Aug 25 19:42:57 +0000 2017,446,446,Everyone deserves equal access to a great education. Proud to stand w/@accdistrict to launch our App Development wi‚Ä¶ https://t.co/XCYqRQ23FD
0.8779,Fri Aug 25 19:34:15 +0000 2017,363,363,Thx @JoshuaBaer for a fantastic morning @CapitalFactory. Developer creativity is off the charts. We‚Äôre as excited a‚Ä¶ https://t.co/iX0XpCuTgH
0.8122,Thu Aug 24 21:03:01 +0000 2017,406,406,Great day in the Hawkeye State! A shout out to the dedicated team at Apple Jordan Creek. https://t.co/94b1nHztCA
0.7959,Thu Aug 24 21:00:55 +0000 2017,276,276,.@WaukeeAPEX thanks for showing me around! Loved seeing the collaboration among students and depth of learning at y‚Ä¶ https://t.co/SoFKk9ix4z
0.7959,Thu Aug 24 20:45:52 +0000 2017,22,22,@WaukeeAPEX thanks for showing me around! Loved seeing the collaboration among students and depth of learning at yo‚Ä¶ https://t.co/7wcmwoCnTz
0.0,Thu Aug 24 19:46:43 +0000 2017,386,386,Looking forward to working with @KimReynoldsIA &amp; @CityofWaukee for Apple's newest data center to serve N American c‚Ä¶ https://t.co/mSkilLL9M1
0.7351,Thu Aug 24 14:42:38 +0000 2017,701,701,"Thanks to the team at CTS in Cincinnati, manufacturers of best-in-class testing equipment for Apple. Enjoyed my vis‚Ä¶ https://t.co/IWqzPAHZS9"
0.7269,Tue Aug 22 13:39:15 +0000 2017,602,602,"Our hearts are with the families and loved ones of those lost aboard the #USSJohnSMcCain, and all the brave men and women who serve."
-0.5574,Thu Aug 17 18:03:02 +0000 2017,7597,7597,Ataques tr√°gicos y sin sentido en Barcelona. Nuestros pensamientos est√°n hoy con todos nuestros amigos y compa√±eros en esa gran ciudad.
-0.9062,Mon Aug 14 16:11:13 +0000 2017,6637,6637,We‚Äôve seen the terror of white supremacy &amp; racist violence before. It's a moral issue - an affront to America. We must all stand against it
-0.9246,Sat Aug 12 22:59:12 +0000 2017,4080,4080,Heartbreaking scenes in #Charlottesville. Violence and racism have no place in America.
0.906,Sat Aug 05 01:29:01 +0000 2017,4907,4907,Thanks @ddlovato for helping us celebrate diversity and showing the world what it means to have courage and heart! https://t.co/UXUoUsm5TA
0.2023,Thu Aug 03 02:29:47 +0000 2017,1034,1034,An #accessibility breakthrough for people with hearing loss. Proud of our team's work with @CochlearUS https://t.co/YJguB6WC21 @WIRED
0.0,Wed Jul 26 19:00:36 +0000 2017,7556,7556,We are indebted to all who serve. Discrimination against anyone holds everyone back. #LetThemServe
0.8356,Sat Jul 22 01:13:37 +0000 2017,488,488,A salute to the bright minds of our 2017 interns. Thank you for your contributions and enjoy the rest of the summer! https://t.co/vqRLDaBvgv
0.6467,Mon Jul 17 15:09:32 +0000 2017,13070,13070,"üòÄüåéüåçüåèüìÜ Happy #WorldEmojiDay! üéâ We‚Äôve got some üòé new ones to show you, coming later this year! üëÄüëá‚Ä¶ https://t.co/SW4CBdYsoc"
0.7345,Sat Jul 15 21:12:36 +0000 2017,770,770,Join me in celebrating National Parks today! Complete a 3.5 mile walk/run/roll workout with your Apple Watch and ea‚Ä¶ https://t.co/rrH4GLBBaQ
-0.8271,Tue Jul 11 04:17:22 +0000 2017,1062,1062,Saddened by the tragic loss of life in Mississippi. Our prayers are with the families and all those who serve.
0.7088,Tue Jul 04 12:48:46 +0000 2017,7136,7136,Wishing everyone a happy #Independence Day! üá∫üá∏ ‚ÄúRemember always that all of us ... are descended from immigrants and revolutionists.‚Äù -FDR
0.8395,Sat Jul 01 17:56:38 +0000 2017,733,733,Happy #CanadaDay to everyone celebrating! / Bonne #F√™teDuCanada √† tous ceux qui c√©l√®brent! üá®üá¶
0.0,Sat Jul 01 14:26:13 +0000 2017,217,217,"@MichelGondry Here's D√©tour, #shotoniphone by @MichelGondry, with English subtitles. https://t.co/AH91NdDEd6"
0.6369,Sat Jul 01 14:18:46 +0000 2017,634,634,"Love this new short film by @MichelGondry #shotoniphone. Vive le cin√©ma fran√ßais. üá´üá∑
https://t.co/VsYyvgXljN"
0.8478,Fri Jun 30 14:33:10 +0000 2017,875,875,National Parks are some of my favorite places on earth. Proud to work with @GoParks on preserving these treasures! https://t.co/p98m6pSbs6
0.0,Thu Jun 29 16:41:04 +0000 2017,16789,16789,"Here's to the #iPhone that changed the world, to the man who dreamed it &amp; the people at Apple who have never stoppe‚Ä¶ https://t.co/sEBaN4wK7C"
0.802,Wed Jun 28 21:00:12 +0000 2017,752,752,Celebrating Canadian optimism &amp; diversity / C√©l√©brons l‚Äôoptimisme et la diversit√© du Canada üá®üá¶ #shotoniphone https://t.co/h4IOsKniuG
0.6486,Mon Jun 26 21:21:53 +0000 2017,486,486,Thanks @ChuckRobbins for hosting me today. Key features and security advancements for business in iOS 11 and throug‚Ä¶ https://t.co/tbUjXd3d29
0.8934,Mon Jun 26 16:41:53 +0000 2017,7261,7261,Great to see you again @narendramodi. We‚Äôre inspired by your vision for India and excited about what we can achieve‚Ä¶ https://t.co/DeMsvDFy5F
0.6114,Sun Jun 25 22:19:28 +0000 2017,2357,2357,"Happy #Pride2017 to all our employees, their families and customers around the world! Today we're showing‚Ä¶ https://t.co/qvNZQQANnz"
0.9523,Sat Jun 24 01:16:11 +0000 2017,10009,10009,"Eid Mubarak to everyone celebrating around the world! Wishing you and your loved ones peace, joy and prosperity."
-0.7269,Wed Jun 21 02:04:48 +0000 2017,429,429,"Moving visit to the American Veterans Disabled for Life Monument. ‚ÄúIn war, there are no unwounded soldiers.‚Äù Thank‚Ä¶ https://t.co/LHjBqrz9gA"
-0.4715,Mon Jun 19 17:02:28 +0000 2017,1811,1811,"Our hearts are with you, London. üá¨üáß ‚ÄúHate, it has caused a lot of problems in the world, but has not solved one yet.‚Äù -M. Angelou"
0.784,Sun Jun 18 15:17:30 +0000 2017,1032,1032,"To all the fathers I'm privileged to know and work with, and to dads everywhere, Happy #FathersDay!"
0.8516,Wed Jun 14 22:29:51 +0000 2017,395,395,Enjoy your new iPad Pro @austinmann! We're thrilled with the feedback we're getting from creative pros and customer‚Ä¶ https://t.co/Vzib4FAjdc
-0.9325,Wed Jun 14 14:05:47 +0000 2017,997,997,Saddened by the terrifying events in Virginia. Our prayers are with all those affected. Such violence has no place in America - or anywhere.
0.0,Sun Jun 11 20:54:44 +0000 2017,2670,2670,"Here comes Apple Taipei 101, our first store in Taiwan! ÊúâÈñí‰æÜÂùê! https://t.co/hniIt9K3Xa"
0.7574,Sat Jun 10 03:16:02 +0000 2017,417,417,Thanks @RedSox &amp; #redsoxnation for capping a fun day in Boston! #WinDanceRepeat https://t.co/DvhPV2tVrK
0.6588,Fri Jun 09 22:46:00 +0000 2017,418,418,Great to be back at Apple Boylston Street visiting our incredible team and customers today! https://t.co/XeeWtG2Bc5
0.8748,Fri Jun 09 19:19:04 +0000 2017,962,962,"Congratulations, @MIT class of 2017! Today, all of humanity has good cause for hope. https://t.co/10g3f7ZbDd"
0.8553,Fri Jun 09 13:50:32 +0000 2017,873,873,"Hope everyone had a great week at WWDC! Developers, we can't wait to see what you create next. Already looking forw‚Ä¶ https://t.co/1Rn9oPnjAp"
0.7645,Thu Jun 08 23:31:43 +0000 2017,734,734,So impressed by @MIT students &amp; faculty who are finding new ways to tackle the world‚Äôs biggest challenges. Thanks f‚Ä¶ https://t.co/MnhgKJjira
0.8834,Tue Jun 06 21:51:24 +0000 2017,2820,2820,"Thank you  @MichelleObama for sharing your views on diversity &amp; innovation, and for encouraging developers to make‚Ä¶ https://t.co/2oBBL4N8yz"
0.8802,Tue Jun 06 15:02:04 +0000 2017,814,814,"A huge day of exciting announcements at WWDC yesterday! We‚Äôre back for Day 2 - have a great week, developers! https://t.co/CyQLWoVfNl"
0.0,Mon Jun 05 13:46:03 +0000 2017,3961,3961,"Just a few more hours to go, developers! We've got a big week ahead. See you at the keynote! #WWDC17 https://t.co/ewnOg3dXQ5"
0.5562,Sun Jun 04 23:44:41 +0000 2017,1145,1145,Kicking off #WWDC17 with this year's talented scholarship recipients. See you all tomorrow morning! https://t.co/4kovS1cAzX
0.4062,Sun Jun 04 00:41:45 +0000 2017,2682,2682,"Shocked by more senseless attacks in London. Our hearts go out to our friends, coworkers, neighbors and everyone in that great city. üá¨üáß"
-0.5574,Fri Jun 02 00:36:46 +0000 2017,15338,15338,Decision to withdraw from the #ParisAgreeement was wrong for our planet. Apple is committed to fight climate change and we will never waver.
0.7645,Thu Jun 01 14:35:31 +0000 2017,746,746,A tremendous milestone for our developers who create the very best apps &amp; games for our customers around the world https://t.co/DCVzC1FxEG
0.5719,Mon May 29 16:42:37 +0000 2017,642,642,"‚ÄúThe human mind is our fundamental resource.‚Äù On #JFK's 100th birthday, we celebrate his legacy by learning. https://t.co/pzMEwp9pUY"
0.9325,Mon May 29 14:15:35 +0000 2017,954,954,We honor the heroes who gave their lives for our freedom. They and their families have our eternal gratitude #MemorialDay
-0.5624,Sat May 27 22:31:35 +0000 2017,541,541,Heartbroken at the passing of @GreggAllman I grew up listening to your soulful voice &amp; will never forget you. RIP midnight rider.
0.7783,Sat May 27 14:46:41 +0000 2017,895,895,"Congratulations team, and thanks to the thousands of customers who joined us at the new #AppleOrchardRoad in Singap‚Ä¶ https://t.co/DsjZNGPc7d"
-0.4939,Fri May 26 13:31:51 +0000 2017,329,329,"""This was a risky drawing to make ... I kept worrying that the ball would hit me or the iPad."" @thejorgecolombo https://t.co/8PCMp7B1xL"
0.4926,Thu May 25 00:36:16 +0000 2017,338,338,Thrilled to be working with @HCCDistrict and other leading community colleges on new ways to teach app development!‚Ä¶ https://t.co/uSgWraxO04
-0.807,Tue May 23 00:31:11 +0000 2017,2798,2798,Deeply saddened by the tragic events in Manchester. Our thoughts are with everyone affected.  üá¨üáß
0.7003,Sun May 21 13:31:20 +0000 2017,665,665,"Our stores are dedicated to educating, inspiring and enriching lives. https://t.co/83qrJUXMlm https://t.co/VI5p3kxVUu"
0.8356,Sat May 20 13:06:20 +0000 2017,750,750,"We are indebted to all the courageous women &amp; men who serve our country, and the families who support them. Thank you! #ArmedForcesDay"
0.7574,Fri May 19 13:43:03 +0000 2017,831,831,Thank you to the incomparable Stevie Wonder for lifting hearts and celebrating accessibility with us! #GAAD https://t.co/WvePkgte5R
0.807,Thu May 18 02:13:08 +0000 2017,420,420,Thanks @JamesRath @PintSzDiva @RikkiPoynter for visiting Apple for #GAAD! Great conversations about the importance‚Ä¶ https://t.co/SKwx5qDMu5
0.6114,Sun May 14 16:32:36 +0000 2017,1422,1422,"Happy #MothersDay to moms everywhere! ""Behind all your stories is always your mother's story, because hers is where yours begins."" -M. Albom"
0.8016,Fri Apr 28 01:30:43 +0000 2017,716,716,"Gorgeous store, phenomenal team! Thanks to everyone who came out to see the new Apple Dubai Mall. https://t.co/LR2MXsqKE3"
0.8718,Sat Apr 22 14:21:03 +0000 2017,1856,1856,"Happy #EarthDay! Get outside, enjoy our planet and complete a 30-minute workout today to earn a special badge on Ap‚Ä¶ https://t.co/BCg8ehVArz"
0.4215,Fri Apr 21 14:56:50 +0000 2017,2530,2530,We‚Äôre making progress toward a greener future. Our next goal: making products without mining new materials‚Ä¶ https://t.co/ofdiIQGT2t
0.0,Fri Apr 21 11:33:38 +0000 2017,8434,8434,T√ºrkiye'de Ulusal Egemenlik ve √áocuk Bayramƒ±‚Äônƒ± gen√ß yeteneklerin √ßektiƒüi m√ºthi≈ü fotoƒüraflarla kutluyoruz. #23Nisan‚Ä¶ https://t.co/MokrHNkHH1
0.8934,Sun Apr 16 12:35:30 +0000 2017,1451,1451,"In this season of renewal and hope, Happy Easter and wishes of peace for people everywhere."
0.2716,Sat Apr 15 20:20:18 +0000 2017,1007,1007,"Timeless words from #42, ""The right of every American to first-class citizenship is the most important issue of our‚Ä¶ https://t.co/N1D9SKpGVw"
0.0,Sun Apr 09 20:37:19 +0000 2017,2986,2986,ŸÜÿπÿ®ŸêŸëÿ± ÿπŸÜ ÿ®ÿßŸÑÿ∫ ÿ≠ÿ≤ŸÜŸÜÿß Ÿàÿ£ÿ≥ŸÅŸÜÿß ÿ≠ŸàŸÑ ÿßŸÑÿ™ŸÅÿ¨Ÿäÿ±ÿßÿ™ ÿßŸÑŸÖÿ±Ÿàÿπÿ© ŸÅŸä ŸÖÿµÿ± ŸàŸÜÿπÿ≤Ÿä ÿ¨ŸÖŸäÿπ ÿ£ŸáŸÑŸáÿßüá™üá¨
0.9245,Sun Apr 09 16:35:19 +0000 2017,588,588,Congrats @waltmossberg on a remarkable career &amp; thanks for everything you've done for consumers! Enjoy next chapter. https://t.co/cp2fgqHSl3
0.0,Fri Apr 07 16:40:59 +0000 2017,1292,1292,V√•ra tankar g√•r till v√•ra v√§nner i Stockholm efter dagens fruktansv√§rda h√§ndelser.  üá∏üá™
-0.2481,Fri Apr 07 12:58:36 +0000 2017,547,547,This Auburn team is fired up for A-Day &amp; the 2017 season! This is our time. Thanks @CoachGusMalzahn &amp;‚Ä¶ https://t.co/fvxFtgSkIz
0.5562,Thu Apr 06 23:45:02 +0000 2017,240,240,Catching up with @finebaum at Jordan-Hare. Have fun on A-Day @AuburnU!  #WarEagle @SECNetwork https://t.co/bpQUXlwU9c
0.9041,Thu Apr 06 20:26:26 +0000 2017,1014,1014,Thanks @AuburnU for the warm welcome home! Great conversation with students today. #WarEagle https://t.co/Bzd4WIN0O6
0.0,Mon Apr 03 16:22:37 +0000 2017,15383,15383,"–ò—Å–∫—Ä–µ–Ω–Ω–∏–µ —Å–æ–±–æ–ª–µ–∑–Ω–æ–≤–∞–Ω–∏—è –≤—Å–µ–º, –∫–æ–≥–æ –∫–æ—Å–Ω—É–ª–∞—Å—å —Ç—Ä–∞–≥–µ–¥–∏—è –≤ –°–∞–Ω–∫—Ç-–ü–µ—Ç–µ—Ä–±—É—Ä–≥–µ üá∑üá∫"
0.0,Sat Mar 25 16:34:12 +0000 2017,700,700,"RT @RED: ""Keeping inc(red)ible company... Apple saves even more lives with these new @RED iPhones."" - Bono https://t.co/59Eg4TFwyM"
0.8313,Fri Mar 24 23:47:54 +0000 2017,1450,1450,"Thanks to our customers supporting (RED) through the new, special edition iPhone 7! Together, we‚Äôre moving toward a‚Ä¶ https://t.co/Vf6Bte8ERT"
0.7959,Fri Mar 24 15:48:02 +0000 2017,896,896,"Incredible story, courageous boy. Well done, Roman! We pray for your mom's speedy recovery. 

https://t.co/D3KarC93WQ"
0.0,Wed Mar 22 22:11:25 +0000 2017,1732,1732,Standing with our friends in London in the face of today's senseless attack. üá¨üáß
0.5106,Sun Mar 19 00:13:20 +0000 2017,1271,1271,"""He could play the guitar just like ringing a bell."" We will miss you, Chuck Berry."
0.8553,Fri Mar 17 22:23:30 +0000 2017,446,446,"Wishing a #HappyStPatricksDay to friends everywhere, and remembering a great visit to Ireland just over a year ago! https://t.co/o7fApJnbYV"
0.5719,Wed Mar 08 21:54:04 +0000 2017,1409,1409,"Women‚Äôs rights are human rights. Today we celebrate, we speak up and we listen. #InternationalWomensDay https://t.co/YqQlRoAkyO"
0.1027,Sun Mar 05 20:01:12 +0000 2017,655,655,"#BloodySunday @repjohnlewis Eternal symbols of courage in the face of adversity. In our hearts, minds &amp; actions, th‚Ä¶ https://t.co/NCRbvQH2St"
0.5106,Fri Feb 24 14:31:53 +0000 2017,10355,10355,"Remembering Steve, whose words and ideals will always inspire us. ‚ÄúThere is no reason not to follow your heart.‚Äù https://t.co/MihKSnbYiQ"
0.0,Fri Feb 24 02:21:20 +0000 2017,844,844,"Um √≥timo Carnaval, Brasil! Estamos muito felizes por fazer parte desta festa üáßüá∑ #modoretrato #portraitmode https://t.co/Dc8A6o1SYk"
0.0,Wed Feb 22 14:34:12 +0000 2017,5110,5110,"The campus Steve envisioned will be known as Apple Park, and its theater will bear his name.  https://t.co/O0BEOdncDq"
0.4389,Tue Feb 21 00:14:58 +0000 2017,381,381,Stunning #portraitmode photography by @_jmerrigan! https://t.co/AIkFQNjM0q
0.3612,Fri Feb 10 17:49:23 +0000 2017,207,207,RT @TheBRITSchool: Thank you @tim_cook for popping by the design suites to check out the Interactive Digital Design students' work https://‚Ä¶
0.9022,Fri Feb 10 17:45:43 +0000 2017,448,448,Inspired by the phenomenally talented students @TheBRITSchool. A special &amp; truly unique place. https://t.co/oT8EFatMKl
0.636,Fri Feb 10 10:13:24 +0000 2017,250,250,Congratulations @Tate for a spectacular exhibit! https://t.co/0Gz8VQQqTI
0.5983,Thu Feb 09 17:47:23 +0000 2017,424,424,.@woodberrydownN4 is doing inspiring work teaching coding with Swift Playgrounds! Looking forward to the future the‚Ä¶ https://t.co/8JxP4Qz0K1
0.4927,Thu Feb 09 17:44:48 +0000 2017,591,591,Met the incredibly creative team behind #MonumentValleyGame @ustwogames in London &amp; got a sneak peek at their lates‚Ä¶ https://t.co/YFzfgs6QPa
0.7955,Thu Feb 09 15:42:30 +0000 2017,586,586,Great to meet @MayorofLondon today. We are incredibly excited about Apple's future in London and the üá¨üáß! https://t.co/pOYdisFAit
0.743,Wed Feb 08 21:06:39 +0000 2017,744,744,Humbled &amp; honored to become part of the @UofGlasgow community tonight. Thank you to the faculty &amp; students of this‚Ä¶ https://t.co/ZDlS3PlKO6
0.7959,Wed Feb 08 20:34:35 +0000 2017,660,660,Thanks Apple Buchanan Street for a warm welcome on a cold day in Glasgow! https://t.co/FJLeBNi29V
0.7424,Tue Feb 07 19:19:45 +0000 2017,556,556,Thanks for the cooking lesson @1KitchenStories! A cool app developer in Berlin reaching a global audience through t‚Ä¶ https://t.co/QDCyEcueOk
0.0,Tue Feb 07 14:12:32 +0000 2017,578,578,"Bewundernswerte, au√üergew√∂hnliche Handwerkskunst bei unserem Zulieferer Dula heute Morgen in Vreden üá©üá™. Vielen Dank‚Ä¶ https://t.co/qFxashttL8"
0.7579,Mon Feb 06 21:43:37 +0000 2017,639,639,"Yes, art can change the world. The amazing, incomparable @JRart. https://t.co/fvIWr0VjL0"
0.6908,Mon Feb 06 18:55:36 +0000 2017,524,524,Impressed by the creativity of young iOS developers @marbotic @PDolbeau @Logg_Apps today at Apple March√© Saint-Germ‚Ä¶ https://t.co/jIIpW43ley
0.7184,Mon Feb 06 14:21:35 +0000 2017,235,235,D√©jeuner with @VizEat co-founders Camilla &amp; Jean-Michel. Thanks to our hosts - and new friends - Odile &amp; Pierre for‚Ä¶ https://t.co/OqCxLwrKn0
0.7574,Mon Feb 06 12:26:04 +0000 2017,365,365,"Thrilled to spend some time with the incredibly talented @JulienFournie, whose exquisite new collection was created‚Ä¶ https://t.co/FOmDk1T4jF"
0.0,Sun Feb 05 19:03:36 +0000 2017,409,409,"Tr√®s impressionn√© par la cr√©ativit√© de @fotomaniak_ig, instagrameur marseillais de notre campagne Photographi√© avec‚Ä¶ https://t.co/K5c3BJH80r"
0.0,Sun Feb 05 18:11:59 +0000 2017,1548,1548,Ravi d'√™tre de nouveau en France et de rencontrer notre talentueuse √©quipe √† Marseille. üá´üá∑ https://t.co/ihJusWQP2o
0.0,Sat Jan 28 17:36:23 +0000 2017,1488,1488,Deeply moved today visiting @FordsTheatreNPS and Peterson House where Abraham Lincoln took his last breath. His wor‚Ä¶ https://t.co/uMISFDA0qm
0.6808,Sat Jan 28 16:18:16 +0000 2017,444,444,"Visit to @NMAAHC today was a moving, powerful reminder of human progress, and that the work toward equality is far from complete."
0.9081,Fri Jan 27 23:47:10 +0000 2017,519,519,Thank you @ASBPhiladelphia for honoring Apple with the Louis Braille Award. Proud of our team's dedication to‚Ä¶ https://t.co/6vKfj1LhBn
0.893,Fri Jan 27 00:22:34 +0000 2017,1067,1067,"Á•ùÂ§ßÂÆ∂È∏°Âπ¥Â§ßÂêâ, ÈòñÂÆ∂Âπ≥ÂÆâ! Wishing everyone peace, harmony and luck in the Year of the Rooster!"
0.8313,Wed Jan 18 02:40:07 +0000 2017,407,407,Love watching the talented @LILBUCKDALEGEND in our new AirPods ad! üé∂ https://t.co/pOq7lgC8fT
0.6249,Mon Jan 16 21:15:15 +0000 2017,919,919,"""Everybody can be great, because anybody can serve."" With Apple volunteers at Stege Elementary in Richmond, Califor‚Ä¶ https://t.co/FaCmnCE35V"
0.631,Mon Jan 16 02:17:02 +0000 2017,3499,3499,"We honor #MLK by working to help achieve justice and equality. ""We may have all come on different ships, but we're‚Ä¶ https://t.co/zLSLw1LvRR"
0.9098,Fri Jan 13 19:30:43 +0000 2017,564,564,Great to hear from so many people who love their #AirPods! Thanks @salim_merchant  üôå https://t.co/25WQcnX4Z7
0.7845,Tue Jan 10 15:38:42 +0000 2017,1516,1516,Proud to lead the @Greenpeace clean energy report for the third year in a row. https://t.co/GlCj8QKf5B
0.7964,Sun Jan 01 17:42:55 +0000 2017,2189,2189,May 2017 bring peace to the world and happiness and health to everyone. #HappyNewYearEveryone
0.0,Sun Jan 01 01:49:47 +0000 2017,9152,9152,"Sevgili T√ºrkiye, acƒ±nƒ±zƒ± ve √ºz√ºnt√ºn√ºz√º payla≈üƒ±yoruz. #Istanbul kalbimiz sizinle. üáπüá∑"
0.9567,Sat Dec 24 14:36:09 +0000 2016,2381,2381,"Wishing everyone peace and joy this holiday season. ""We must pursue peaceful ends through peaceful means."" -MLK 12/24/1967 üéÑüïé"
0.0,Sat Dec 10 13:24:23 +0000 2016,3078,3078,"""The destiny of human rights is in the hands of all our citizens in all our communities."" - Eleanor Roosevelt‚Ä¶ https://t.co/rG9plmYEYF"
0.8316,Fri Dec 09 00:38:34 +0000 2016,999,999,"Godspeed, John Glenn. Thank you for inspiring my generation and many to come. Rest in peace."
0.0,Sat Dec 03 17:38:22 +0000 2016,775,775,Merci √† tous nos clients pour l'accueil chaleureux r√©serv√© √† notre premier magasin √† Saint-Germain. Et Vive Paris! https://t.co/jpm89sZZyV
0.4215,Thu Dec 01 12:57:24 +0000 2016,2190,2190,Apple is turning @RED for #WorldAIDSDay and marking 10 years of progress toward an AIDS-free generation.‚Ä¶ https://t.co/CQnVKZo2lc
0.908,Thu Nov 24 14:02:52 +0000 2016,1326,1326,"Giving thanks for family &amp; friends, the incredible team at Apple and our customers around the world. Happy #Thanksgiving to all!"
0.8658,Fri Nov 11 14:27:37 +0000 2016,1567,1567,Proud to work alongside these &amp; many more veterans at Apple. We honor all the brave men &amp; women who sacrificed for‚Ä¶ https://t.co/i5gSTmb5vm
0.8977,Sun Oct 30 01:32:14 +0000 2016,1725,1725,Wishing everyone peace and happiness this #Diwali! Stunning photos by @prashvish #shotoniphone https://t.co/EfFaiJ1guy
0.0,Fri Oct 28 17:05:29 +0000 2016,768,768,üëè to customers around the world who are picking up their new Apple Watch Nike+ today! https://t.co/biwo5sOFog
0.0,Thu Oct 27 23:35:03 +0000 2016,1794,1794,Can't wait for our customers to try the all-new MacBook Pro and revolutionary Touch Bar! https://t.co/xMEeIirwEp
0.875,Thu Oct 27 22:07:05 +0000 2016,618,618,Thanks to the talented @sadyspaul for editing an amazing video and being a part of our event today. https://t.co/e36eTkiuPw
0.5411,Thu Oct 27 16:03:25 +0000 2016,1398,1398,Looking forward to an exciting day here on campus! #AppleEvent https://t.co/mi91C7XzVu
0.0,Mon Oct 17 19:54:59 +0000 2016,732,732,"""The American melting pot, with its new eyes and new imagi¬≠nations, is an incubator for innovation."" @laurenepowell https://t.co/hOkaqVaR2h"
0.0,Sat Oct 15 06:08:14 +0000 2016,2603,2603,„ÅÇ„Çä„Åå„Å®„ÅÜüáØüáµ https://t.co/Xixe0SupG9
0.7184,Sat Oct 15 05:55:04 +0000 2016,672,672,"Inspired by the Sendai spirit among our store team, as well as customers and local developers. https://t.co/YKrgW6VzG4"
0.7906,Sat Oct 15 03:31:43 +0000 2016,604,604,"Celebrating a decade of partnership with the talented team at Cashew in Saitama, experts in plant-based coatings an‚Ä¶ https://t.co/cCbpVN6d9s"
-0.1027,Thu Oct 13 10:15:18 +0000 2016,2536,2536,Just rode JRE's Yamanote line with Apple Pay. Can't wait for our customers in Japan to start using it later this mo‚Ä¶ https://t.co/JDjZOlGWif
0.9041,Thu Oct 13 01:34:39 +0000 2016,6154,6154,"Getting the hang of Super Mario Run, thanks to Miyamoto-san and his awesome team at Nintendo! https://t.co/gSxU4iQbAv"
0.0,Wed Oct 12 23:58:10 +0000 2016,5154,5154,„Åä„ÅØ„Çà„ÅÜ„Åî„Åñ„ÅÑ„Åæ„ÅôÔºÅüáØüáµ https://t.co/s61bSbCwLO
0.6369,Mon Oct 10 17:07:44 +0000 2016,543,543,Our thoughts are with all those affected by #HurricaneMatthew. Support relief efforts by donating to @RedCross at https://t.co/2b9MLALy4L
0.0,Sat Oct 08 00:41:27 +0000 2016,1515,1515,Shukriya India and everyone who turned out for Friday‚Äôs launch of iPhone 7 and Apple Watch Series 2! üáÆüá≥ https://t.co/EyxVKgRH0F
0.8016,Fri Oct 07 16:00:12 +0000 2016,549,549,I could swear this is heaven #OhMyMy @OneRepublic Amazing album! ‚ÄºÔ∏èüëèüëèüôå https://t.co/ZjWa95O8GA
0.5574,Fri Oct 07 00:40:28 +0000 2016,1367,1367,"Prayers for all those affected by #HurricaneMatthew. To those in its path tonight, please stay safe."
0.6478,Wed Oct 05 13:39:11 +0000 2016,34300,34300,"""Most important, have the courage to follow your heart and intuition."" Remembering Steve and the many ways he chang‚Ä¶ https://t.co/ZJnSGfpzxp"
0.4926,Sat Oct 01 03:12:35 +0000 2016,270,270,Thanks @SenOrrinHatch and everyone who attended tonight's event in Salt Lake City! #UtahTechTour https://t.co/OjlgpSUPx6
0.836,Wed Sep 28 23:01:35 +0000 2016,896,896,"Excited to work with @PunitRenjen @Deloitte to help businesses maximize the amazing capabilities of iOS,iPhone, iPad https://t.co/xXJIBjzEsC"
0.8851,Wed Sep 28 03:28:12 +0000 2016,1683,1683,"Condolences to the people of Israel on the passing of Shimon Peres, a true visionary whose efforts for peace will never be forgotten. üáÆüá±"
0.0,Sun Sep 25 00:40:17 +0000 2016,1256,1256,"¬°Gracias M√©xico por recibirnos! üá≤üáΩ
https://t.co/EHZyAl9MU1"
0.6115,Sat Sep 17 03:06:36 +0000 2016,7774,7774,A very happy birthday to @narendramodi. Vasudhaiva kutumbakam - the world is one family.
0.6476,Fri Sep 16 19:03:34 +0000 2016,1673,1673,Thank you to the Apple Store employees around the world who make days like today magical! https://t.co/eZ6brPM0vk
0.0,Fri Sep 16 11:27:06 +0000 2016,1939,1939,"It‚Äôs time! #iPhone7 and #AppleWatchSeries2 are here!
https://t.co/n3vKSVWBfy"
0.8221,Thu Sep 15 01:23:54 +0000 2016,230,230,Congrats to @XQAmerica‚Äôs 10 Super Schools! Learn more about the #XQBigReveal #RethinkHighSchool https://t.co/UQ9KuuQBkc
0.3818,Wed Sep 14 19:51:51 +0000 2016,1695,1695,"Stunning iPhone 7 photos from Rwanda, by travel photographer @austinmann
https://t.co/S6QDMGGFVT"
0.8689,Wed Sep 14 01:08:09 +0000 2016,629,629,Thanks PS 161 in NYC for a great visit. Inspiring to see how teachers use iPad to make a big difference for students https://t.co/j8W44SWKOR
0.0,Mon Sep 12 11:47:11 +0000 2016,889,889,".@ESPN serves up iPhone 7 shots from the #usopen üéæ
https://t.co/ZmIHilvK4x"
0.0,Sun Sep 11 23:38:51 +0000 2016,2153,2153,Touchdown iPhone 7! First photos on @SInow https://t.co/BHXoA83ZgU
0.0,Thu Sep 08 01:54:13 +0000 2016,2362,2362,"What a day! 
https://t.co/0q61M9J3gp"
0.4926,Wed Sep 07 22:10:35 +0000 2016,820,820,Thanks to Olympians @ryan_f_murphy @nathangadrian @KathleenBaker2 @SwimHaley @MJGold for joining today #AppleEvent! https://t.co/rtn4PWYq7K
0.4199,Wed Sep 07 14:37:20 +0000 2016,10174,10174,Sun's coming up in San Francisco and we are ready for a big day! https://t.co/PgLZN7ZcrQ
0.0,Fri Sep 02 03:58:37 +0000 2016,2048,2048,¬°Hola Mexico! ¬°Vengan a celebrar! https://t.co/Zpk2xPyERI https://t.co/UkaLsq5Wj6
0.0,Wed Aug 24 05:13:17 +0000 2016,2358,2358,Vicini con affetto e con il cuore rivolto alle vittime. üáÆüáπ
0.3182,Sun Aug 07 14:03:09 +0000 2016,1204,1204,We owe @NatlParkService a debt of gratitudeüëèüëè for 100 amazing years. üéâüéâ by hiking @YellowstoneNPS @GrandTetonNPS https://t.co/PGGwukKRto
0.9286,Wed Aug 03 20:05:35 +0000 2016,1763,1763,.@AppStore developers have now earned over $50 billion! Congratulations on your success and such inspired creativity.
0.0,Wed Aug 03 20:04:51 +0000 2016,903,903,July was a record-breaker for the @AppStore! Highest-ever monthly billings and money paid to developers.
0.8622,Sun Jul 31 01:09:38 +0000 2016,604,604,"Thanks to everyone who joined the grand opening of our new store in Brooklyn, and congrats to our team! https://t.co/6HZWM5yRsY"
-0.5994,Fri Jul 22 22:42:14 +0000 2016,1267,1267,Wir sind best√ºrzt √ºber die Ereignisse in M√ºnchen. Unsere Gedanken sind bei allen Menschen in der Stadt. üá©üá™ #Munich
0.0,Thu Jul 14 23:16:47 +0000 2016,3618,3618,La France est dans nos coeurs et nos pens√©es. üá´üá∑ #Nice
0.9115,Thu Jul 14 20:28:44 +0000 2016,1002,1002,"Yes, coding CAN be fun! Your kids (and you) are going to love Swift Playgrounds!  https://t.co/rvzE0CLuZs"
0.8555,Sun Jul 10 18:19:00 +0000 2016,1042,1042,Proud of our talented team dedicated to providing #accessibility for all users https://t.co/rhDF5ks094
0.0,Fri Jul 08 14:15:29 +0000 2016,5656,5656,"""We must all learn to live together as brothers, or we will all perish together as fools.‚Äù - Dr. Martin Luther King Jr."
-0.658,Fri Jul 08 14:14:35 +0000 2016,1468,1468,Our hearts go out to the families of the fallen officers and the entire #Dallas community. Justice cannot be gained through violence.
0.2263,Fri Jul 08 02:50:47 +0000 2016,2107,2107,Senseless killings this week remind us that justice is still out of reach for many. We can and must do better. https://t.co/pmYrTz6tA6
0.9062,Mon Jul 04 14:14:07 +0000 2016,1296,1296,"Wishing everyone a safe &amp; happy #IndependenceDay üá∫üá∏ ""We hold these truths to be self-evident, that all men are created equal."""
0.0,Tue Jun 28 22:07:54 +0000 2016,11538,11538,Dualarƒ±mƒ±z T√ºrk halkƒ± i√ßin #Istanbul üáπüá∑
0.8777,Sun Jun 26 22:06:43 +0000 2016,1667,1667,Happy Pride to everyone who turned out this weekend to celebrate! #applepride #pride2016 https://t.co/3GZlc9s6bl
0.807,Thu Jun 16 13:42:48 +0000 2016,866,866,It‚Äôs Day 4 of #WWDC2016 in San Francisco. Hope everyone is having a great week! https://t.co/Y4zN5HQJYm
-0.8519,Sun Jun 12 15:56:25 +0000 2016,3331,3331,"Our hearts go out to the victims of the unspeakable tragedy in #Orlando, their families and all who grieve with them."
-0.4019,Sun Jun 12 03:38:04 +0000 2016,359,359,".@laurenepowell: ""We reject the notion that any group of students should be considered beyond help‚Äù https://t.co/cNv3JOsggg"
0.3451,Sat Jun 04 04:35:08 +0000 2016,10063,10063,"""He who is not courageous enough to take risks will accomplish nothing in life."" Rest in peace #MuhammadAli"
0.4019,Mon May 30 13:30:05 +0000 2016,920,920,Reflecting on the sacrifices made by our fallen service members and their families in the name of freedom. #MemorialDay
0.4215,Sun May 29 03:10:22 +0000 2016,1235,1235,Inspiring day hiking @YosemiteNPS. Hats off to the Park Service. https://t.co/lurhM3LESy
0.8908,Tue May 24 11:00:46 +0000 2016,814,814,"Great energy, great entrepreneurs at @startupfesteu this morning. Amsterdam, dank je wel en tot ziens! https://t.co/XVJY4DKAlZ"
0.828,Mon May 23 13:40:11 +0000 2016,596,596,Thanks @annefrankhouse for keeping her memory alive. We must never forget the terrible lessons of discrimination. https://t.co/iMkHdwz2P9
0.7964,Mon May 23 11:54:59 +0000 2016,580,580,An inspiring visit with @assistiveware in Amsterdam. Their apps improve lives by giving people a voice. https://t.co/mrcR3dfbrj
0.7777,Sat May 21 14:49:54 +0000 2016,1169,1169,"A quick visit with customers and our fantastic team at the Apple Store, Mall of the Emirates. Thanks Dubai! https://t.co/utFFVGyImr"
0.92,Sat May 21 06:48:53 +0000 2016,1180,1180,Thanks PM @narendramodi for a great meeting. Already looking forward to next visit to India. Best wishes on the app! https://t.co/ctXiKoCiS0
0.8516,Fri May 20 05:23:21 +0000 2016,1358,1358,Lots of talent and enthusiasm at the new Mac Lab at GNITS women‚Äôs college. Enjoyed visiting you yesterday! https://t.co/ZqCnVkBpii
0.765,Thu May 19 06:36:28 +0000 2016,347,347,RT @lisapjackson: Powerful: Visiting amazing solar mamas in Rajastan and visiting a school using iPads to teach..   @BarefootCollege https:‚Ä¶
0.8439,Wed May 18 13:01:16 +0000 2016,2165,2165,Great to hear from some of India's top iOS developers today. Innovative apps and many ideas for the future! https://t.co/ZhEfE7wNW7
0.5563,Tue May 17 01:01:16 +0000 2016,568,568,"Here's the incredibly talented @JJ_Lin on the erhu as we jam with the new GarageBand, out today. https://t.co/RHJZuahLHi #shotoniphone"
0.0,Mon May 16 03:51:49 +0000 2016,1179,1179,"""Taxi!"" Caught a cab in Beijing this morning with Didi Chuxing's Jean Liu. https://t.co/Sl2xnzXtNY"
0.0,Thu May 05 19:46:09 +0000 2016,997,997,Looking forward to working with @BillRMcDermott @SAP on new iPhone &amp; iPad apps. https://t.co/7QcMCEiPKY https://t.co/iRZzEZ3EPR
0.743,Fri Apr 22 16:44:16 +0000 2016,1874,1874,Powering your iMessages with 100% renewable energy - because our planet deserves our best thinking. #EarthDay üåé https://t.co/ze7rNObMGM
0.743,Thu Apr 21 17:52:05 +0000 2016,3320,3320,Prince was a true innovator and a singular artist. His music and influence will live on for generations. Rest in peace.
0.4404,Tue Apr 19 14:18:07 +0000 2016,3127,3127,"Our thinnest and lightest Mac, now better than ever. Meet the new #MacBook. https://t.co/NCs226jGtI https://t.co/3eK7oy4wpr"
0.5574,Mon Apr 18 19:16:34 +0000 2016,1951,1951,"Bill Campbell believed in Apple when few people did. We'll miss his wisdom,friendship,humor &amp; his love for life. RIP https://t.co/HA7hYgGxNM"
-0.6486,Mon Apr 18 00:55:34 +0000 2016,1435,1435,Our hearts and thoughts are with everyone affected by terrifying earthquakes in recent days. #FuerzaEcuador #prayforkyushu #prayformyanmar
0.8807,Thu Apr 14 17:32:00 +0000 2016,1029,1029,Proud to support @World_Wildlife with #AppsforEarth. Together we can help leave the world better than we found it. https://t.co/mUdGTSw2Pb
0.3818,Sat Apr 02 17:40:54 +0000 2016,1517,1517,"""We are capable of so much, if we just open our minds."" We can all learn from Dillan about #AutismAcceptance https://t.co/Zhy4lVPbB4"
0.8899,Sat Apr 02 02:15:44 +0000 2016,6936,6936,"Happy Birthday, Apple! Celebrating 40 years &amp; looking forward to many more decades of innovation. @zanelowe https://t.co/5lUDP1cAjw"
0.8955,Thu Mar 31 22:24:29 +0000 2016,1764,1764,Congrats to all the new iPhone SE and iPad Pro owners! I hope you love them as much as we do. https://t.co/harfwjywJ0
0.4767,Tue Mar 22 19:23:42 +0000 2016,1946,1946,"Our thoughts and prayers are with our friends, customers, coworkers and all the people of Belgium."
0.9118,Tue Mar 22 00:29:06 +0000 2016,1940,1940,Andy Grove was one of the giants of the technology world. He loved our country and epitomized America at its best. Rest in peace.
0.75,Mon Mar 21 00:39:11 +0000 2016,4350,4350,Happy 10th Birthday @jack and everyone @twitter!  üéâüéàThanks for giving all of us the ultimate megaphone.
0.7964,Thu Mar 17 02:50:56 +0000 2016,1443,1443,"Thank you, James, for sharing your inspiring story. https://t.co/gyjqubL0Ji"
0.4574,Thu Mar 03 20:37:46 +0000 2016,1723,1723,We‚Äôre always looking for new ways to help you get the most from Ô£ø products. Meet @AppleSupport! https://t.co/YhdvY44PPS
0.0,Wed Feb 24 14:14:19 +0000 2016,11333,11333,"Remembering Steve on his 61st birthday. ""Let's go invent tomorrow."" https://t.co/UGYMcohsf0"
0.5423,Fri Feb 19 16:04:34 +0000 2016,3324,3324,"Rest in peace, Harper Lee. ""The one thing that doesn't abide by majority rule is a person's conscience."""
0.7177,Mon Feb 15 16:16:59 +0000 2016,849,849,"Happy #PresidentsDay!  ""I will prepare and someday my chance will come""--Abraham Lincoln"
0.802,Mon Feb 08 05:56:45 +0000 2016,695,695,Congrats @Millerlite40 Peyton Manning @Broncos Amazing season. https://t.co/3RfQml832C
0.8126,Fri Jan 22 15:57:38 +0000 2016,1088,1088,Great to meet talented Italian developers today with @matteorenzi in Rome https://t.co/2DcRPMYNHD
0.25,Thu Jan 21 12:17:11 +0000 2016,1947,1947,Apple has created over 1.4m jobs across Europe üá™üá∫ and we're announcing a center for aspiring iOS developers in Italy https://t.co/v9RLYX6u6u
0.7506,Mon Jan 18 21:23:38 +0000 2016,548,548,Proud to volunteer beside hundreds of Apple employees honoring #MLKDay at ConnectED partner Santee Elementary. https://t.co/3EOmcPkovh
0.1695,Mon Jan 18 16:18:49 +0000 2016,2025,2025,Remembering #MLK and his timeless words.  We should never forget. https://t.co/b8kXa4ZFZ1
0.2648,Mon Jan 18 16:06:59 +0000 2016,1267,1267,"Remembering #MLK:  Life's most persistent and urgent question is ""What are you doing for others?"""
0.0,Sat Jan 09 02:15:49 +0000 2016,2440,2440,"¬°Hola M√©xico! ¬°Feliz de abrir una tienda pronto en su pa√≠s!
 https://t.co/HYBUaSWMcq"
0.2263,Fri Jan 01 16:11:53 +0000 2016,2175,2175,"#HappyNewYear to every corner of the worldüéâ Wishing everyone more music, less noise üôè."
0.8313,Wed Dec 30 20:17:22 +0000 2015,716,716,Congrats on a great finish to the season!  I'm already looking forward to next year @FootballAU @CoachGusMalzahn #WarEagle
0.902,Sun Dec 27 00:29:31 +0000 2015,298,298,Congratulations #Duke and @DavidCutcliffe. Terrific win in the #PinstripeBowl!
0.9313,Fri Dec 25 15:27:23 +0000 2015,1116,1116,Peace on earth. Wishing everyone a joyous holiday season. May all of your dreams come to be. #HappyHolidays  https://t.co/8nq4xth9Xp
0.3818,Tue Dec 22 23:03:27 +0000 2015,1175,1175,Stunning iPhone photography by White House chief official photog @petesouza  https://t.co/yyzNDh1zzV
0.7041,Sat Dec 12 23:27:50 +0000 2015,1347,1347,An important moment in the fight against climate change. Government can't do it alone. Apple is committed to clean energy  #COP21
0.92,Sat Dec 12 02:11:32 +0000 2015,358,358,Thanks @AndraDayMusic for a spectacular holiday performance at Apple today. Best of luck at the Grammys! https://t.co/MtZflrtr6b
0.0,Wed Dec 09 20:54:36 +0000 2015,587,587,Just met coders of tomorrow from NY's PS 57. #hourofcode workshops at all Apple stores tomorrow. https://t.co/xDsJr9g6xk
0.6705,Tue Dec 08 13:44:25 +0000 2015,712,712,Inclusion inspires innovation and communication is the key. Start with Hi and take time to learn more #JustSayHi https://t.co/u3x9RTh8QR
0.6597,Tue Dec 01 20:49:10 +0000 2015,1883,1883,"Around the world, Apple stores are going (RED) to show our support and help raise awareness for #WorldAIDSDay https://t.co/gpX4rLVNwt"
0.7409,Sun Nov 29 15:39:33 +0000 2015,723,723,Couldn't be prouder of @FootballAU. Great to be back in Auburn and meet amazing alums  @BringerOfRain20 @BoJackson https://t.co/nxpJ6uAgyv
0.9391,Thu Nov 26 15:35:34 +0000 2015,1159,1159,"Happy Thanksgiving to all! Deeply grateful this #Thanksgiving to be a part of the Apple community and for family, friends, and freedom."
0.3818,Sat Nov 14 00:57:22 +0000 2015,7093,7093,"Prayers for Paris, the victims and their loved ones. Nous sommes tous Parisiens."
0.3612,Thu Nov 12 20:00:42 +0000 2015,785,785,"Thank you Robert for being one of our very first iPad Pro customers at the Apple Store, Princes Street, Edinburgh. https://t.co/l522Ddccbu"
0.807,Wed Nov 11 22:28:28 +0000 2015,766,766,"Caught up with our world-class team in Cork today. Thanks, Ireland, for a great visit! https://t.co/jVoTEmoFWJ"
0.8934,Wed Nov 11 16:43:14 +0000 2015,441,441,Such a privilege to share this day with @tcdphil. Thanks to everyone at @tcddublin for a great morning. https://t.co/xtz9YNCuWM
0.8402,Wed Nov 11 09:38:57 +0000 2015,938,938,"We honor the brave military men and women who have fought for our freedoms, and their families. Thank you for your service and sacrifice."
0.7959,Tue Nov 10 14:49:02 +0000 2015,691,691,Thanks @Unibocconi for the warm welcome.  In bocca al lupo a tutti gli studenti per questo nuovo anno accademico! https://t.co/d4ZTGGVqpM
0.836,Mon Nov 09 16:09:36 +0000 2015,471,471,Amazing what @Touchpress is doing with classical music on #iPadPro and #AppleTV -great visit at their London office https://t.co/T8mowQIoBo
0.8743,Sun Nov 08 04:11:30 +0000 2015,907,907,The Tigers are back! Congratulations @CoachGusMalzahn @auburnqb6 @CoachWMuschamp Jovan Robinson! The best is yet to come!
0.6124,Thu Oct 22 03:50:16 +0000 2015,844,844,Leaving the world better than we found it: 2 gigawatts of renewable energy for manufacturing in China by 2020.  https://t.co/LYuRiejUtV
0.6908,Wed Oct 21 22:03:05 +0000 2015,1358,1358,RT @laurenepowell: Thank you @waltmossberg for caring about the difference between fact and fiction https://t.co/vh81Su7Dzk
0.7579,Fri Oct 16 13:31:16 +0000 2015,495,495,"This week at Grace Hopper, we are celebrating women whose work is changing the world. #GHC15 http://t.co/5eml4m63a8"
0.4926,Fri Oct 16 01:26:06 +0000 2015,1392,1392,Thanks to all our customers in India who queued at midnight for the new iPhone 6s and iPhone 6s Plus! http://t.co/MxSkRk2BmP
0.3182,Mon Oct 12 01:17:19 +0000 2015,1485,1485,"Prayers, condolences, and hope for all those affected by the bombings in Turkey."
0.5411,Thu Oct 08 13:55:34 +0000 2015,1880,1880,A magical day for readers! Fans of #HarryPotter series can enjoy enhanced editions on iBooks http://t.co/1XgzmGHx7j http://t.co/QCnhKb9SFY
0.7964,Mon Oct 05 11:41:49 +0000 2015,10341,10341,Remembering Steve for who he was and what he stood for. We honor him by continuing the work he loved so much. http://t.co/6UiXBjYe3l
0.926,Sat Oct 03 19:43:16 +0000 2015,225,225,"Thanks to the @Newseum for an inspiring visit today, and for celebrating a great cornerstone of our democracy."
0.4926,Tue Sep 29 17:03:06 +0000 2015,471,471,Thanks to everyone at #BoxWorks this morning! Picked up some out-of-the-Box ideas from @levie http://t.co/DdvznJOtov
0.7707,Fri Sep 25 21:20:13 +0000 2015,870,870,Thanks to our team and everyone who turned out this morning in Georgetown! Enjoy your new iPhones! http://t.co/LXPaEJBoly
0.4199,Fri Sep 25 01:30:25 +0000 2015,1923,1923,Thank you Vitor in Sydney! One of the very first customers in the world to buy an iPhone 6s. http://t.co/G0zdxNkuow
0.0,Mon Sep 21 20:24:25 +0000 2015,262,262,"RT @pschiller: Home Run!
Photographer Brad Mangin shoots for @SInow with #iPhone6sPlus http://t.co/mCZOEXeQTO"
0.0,Sat Sep 19 16:45:19 +0000 2015,988,988,Goeiedag Brussel! Bonjour Bruxelles! http://t.co/ldKCGIRcXv
0.1531,Tue Sep 15 17:42:29 +0000 2015,300,300,.@XQAmerica is challenging us to #RethinkHighSchool. Find out how you can get involved: http://t.co/UQ9Kuuz0sE
0.9186,Thu Sep 10 03:21:33 +0000 2015,567,567,Honored to have Spencer Stone and Anthony Sadler join us today. We are inspired by their heroism. http://t.co/1K1gtGbkzw
0.7906,Thu Sep 10 01:44:00 +0000 2015,1441,1441,"It was a great day- thanks @OneRepublic, our employees &amp; our many customers around the world who watched. http://t.co/F15RgjFsO8"
0.0,Wed Sep 09 13:26:47 +0000 2015,7028,7028,Just a few hours to go here in SF! We can‚Äôt wait to show you what we‚Äôve been working on. http://t.co/DeBsAD67p5 http://t.co/DLIPTK2m1L
-0.3818,Fri Sep 04 18:59:18 +0000 2015,501,501,Taking action to fight climate change is music to my ears - http://t.co/FMIvDRRWda. #SharetheLoveSong
0.807,Tue Sep 01 03:38:46 +0000 2015,1056,1056,Looking forward to a great partnership with @cisco to deliver a fast lane for iOS users in the enterprise. Thanks for having me at #gsx!
0.9259,Sat Aug 29 21:53:11 +0000 2015,591,591,"Cheers to Apple employees, their friends &amp; families marching tonight for @AustinPride. Thanks for showing that great city our #ApplePride!"
0.8316,Tue Aug 25 03:08:20 +0000 2015,583,583,"We‚Äôre proud to be working with dedicated teachers, students &amp; parents at 114 US schools that need our help the most. http://t.co/JSWiBZIAoc"
0.886,Sun Aug 16 16:11:52 +0000 2015,511,511,"Remembering Civil Rights hero Julian Bond, a statesman and an inspiration to all who long for justice. #JulianBond"
0.2732,Fri Aug 14 01:09:22 +0000 2015,1042,1042,Apple is committed to making our company and the next generation of employees as diverse as the world around us. http://t.co/CF6Gw3PHLA
0.6908,Wed Aug 12 21:25:17 +0000 2015,542,542,Our thoughts and prayers go out to President Jimmy Carter @CarterLibrary.  We hope for his full recovery and return to his inspiring work.
0.636,Tue Aug 11 01:32:09 +0000 2015,1160,1160,@sundarpichai Congratulations on your promotion!
0.6588,Fri Jul 31 23:57:40 +0000 2015,1095,1095,Hello Istanbul! A great turnout for the launch of Apple Watch in Turkey today. http://t.co/8J9fUxaFNi
0.4199,Thu Jul 30 11:45:14 +0000 2015,503,503,Thank you to the thousands of Hong Kong customers who joined the celebration for our new store on Canton Road! http://t.co/VWaWhKA80U
0.765,Fri Jul 24 14:19:40 +0000 2015,944,944,"Accessibility rights are human rights. Celebrating 25yrs of the ADA, we‚Äôre humbled to improve lives with our products. #ADA25"
0.4753,Tue Jul 14 16:30:10 +0000 2015,2203,2203,"Enjoy Apple Pay, U.K.!  Now live in over 250,000 locations including the London underground"" http://t.co/UPvR0OJ8Cr"
0.8114,Mon Jul 06 01:07:59 +0000 2015,1462,1462,USA! USA! Congrats to the #USWNT....so proud of you! @ussoccer_wnt
0.6467,Sat Jul 04 14:25:28 +0000 2015,1355,1355,"Happy Birthday, America! Happy 4th of July to everyone!  America is 239 years old today but still a kid at heart."
0.9538,Mon Jun 29 00:31:12 +0000 2015,1554,1554,"Great to celebrate with over 8,000 Apple employees, friends and families. Happy Pride everyone! #applepride http://t.co/2A9YD9z95B"
-0.34,Fri Jun 26 15:06:13 +0000 2015,12618,12618,‚ÄúThe people who are crazy enough to think they can change the world are the ones who do.‚Äù
0.6369,Fri Jun 26 15:05:47 +0000 2015,7126,7126,"Today marks a victory for equality, perseverance and love."
-0.2263,Sun Jun 21 19:28:08 +0000 2015,2101,2101,My thoughts are with the victim's families in SC.Let us honor their lives by eradicating racism &amp; removing the symbols &amp; words that feed it.
0.8221,Wed Jun 17 22:41:37 +0000 2015,862,862,Had a great time meeting customers and our team at the Apple Store Boylston St in Boston. Enjoy your Apple Watches! http://t.co/7AOGyCSW9i
0.0,Mon Jun 08 11:21:46 +0000 2015,6281,6281,"Rise and shine, developers! #WWDC15"
0.8687,Mon Jun 08 03:06:56 +0000 2015,1208,1208,I‚Äôm incredibly impressed by these talented student scholarship winners. See you all tomorrow at #WWDC15 http://t.co/LN1ZXmCqGf
0.8519,Mon May 25 14:03:53 +0000 2015,1106,1106,Remembering and honoring the courageous men and women who sacrificed their lives in the fight for our country and our freedom.  #MemorialDay
0.9273,Sun May 17 16:17:16 +0000 2015,690,690,Congratulations and thank you to the GWU Class of 2015. Great progress is possible! #GWCommencement
-0.3612,Fri May 15 14:48:04 +0000 2015,867,867,Heartbroken by the news of the passing of #BBKing.  He expressed what we felt like no one else. The thrill will never be gone. May he RIP.
0.7269,Thu Apr 30 13:59:19 +0000 2015,602,602,Japan Post's new initiative has the power to improve care and quality of life for millions of seniors. http://t.co/vblxDgpSZm
0.7772,Mon Apr 27 14:17:17 +0000 2015,564,564,"Congrats to @CTurlington! She smashed her personal record at the @LondonMarathon, finishing in 3:46:45. Inspiring! http://t.co/1qYjEy5klq"
-0.128,Sun Apr 26 18:07:49 +0000 2015,1532,1532,Our thoughts and prayers go out to everyone affected by the tragic earthquake in Nepal. Donate to the relief effort at #iTunes and #AppStore
0.75,Fri Apr 24 22:04:13 +0000 2015,727,727,Hope you enjoy your new Apple Watch! https://t.co/CE6QJUnoQk
0.8955,Thu Apr 23 13:44:53 +0000 2015,426,426,"We‚Äôll be cheering for @CTurlington this Sunday during the @LondonMarathon. Best of luck, Christy! @EveryMomCounts http://t.co/VvlLRgPZFc"
0.4926,Thu Apr 23 00:49:35 +0000 2015,925,925,Thanks @Pharrell for an unforgettable Earth Day celebration! http://t.co/UT2zxbCBW9
0.6124,Wed Apr 22 18:21:03 +0000 2015,1741,1741,"This Earth Day, and every day, we're committed to leaving the world better than we found it. http://t.co/iIHRXEwpfA http://t.co/SIyZVAeznL"
0.5994,Mon Apr 20 21:19:00 +0000 2015,1062,1062,We're investing in renewable energy from Oregon to Sichuan. Read the latest on our progress at http://t.co/iIHRXEwpfA http://t.co/yNv6PfpGJN
0.0,Sat Apr 18 23:45:56 +0000 2015,1333,1333,Ol√° S√£o Paulo and parab√©ns to our team at the new Apple Store Morumbi! http://t.co/9HS86MlZTH
0.8516,Wed Apr 15 16:09:27 +0000 2015,396,396,Join me for lunch (and a keynote!) and help a great cause. @RFKHumanRights is working toward a more just world. https://t.co/QxaKne4itb
0.8122,Fri Apr 10 22:00:08 +0000 2015,1405,1405,Thrilled to see so many customers‚Äîall around the world‚Äîtrying Apple Watch for the first time.You‚Äôre going to love it! http://t.co/Mx3M0DO4Qf
0.4199,Wed Apr 08 17:41:28 +0000 2015,1340,1340,The Watch is coming and our team at Fifth Avenue is ready! http://t.co/mgP8TEWlcA
-0.5256,Mon Mar 30 02:11:01 +0000 2015,9494,9494,There‚Äôs something very dangerous happening in states across the country.    http://t.co/QJTkCuZVdo
0.8442,Fri Mar 27 17:58:05 +0000 2015,5879,5879,"Around the world, we strive to treat every customer the same ‚Äî regardless of where they come from, how they worship or who they love."
-0.5256,Fri Mar 27 17:56:44 +0000 2015,13660,13660,Apple is open for everyone. We are deeply disappointed in Indiana's new law and calling on Arkansas Gov. to veto the similar #HB1228.
0.9022,Mon Mar 09 19:25:22 +0000 2015,2299,2299,A huge thank you to the talented team at Apple who make days like this possible. It's a privilege to work along side of you.
0.0,Mon Mar 09 16:52:27 +0000 2015,1849,1849,Getting psyched backstage listening to I Lived by @OneRepublic.
0.0,Mon Mar 09 12:31:45 +0000 2015,5507,5507,Got some extra rest for today's event. Slept in 'til 4:30.
0.6249,Sat Mar 07 13:56:25 +0000 2015,1335,1335,"Honoring those who marched 50 years ago, and those who continue the fight for justice and equality today. #Selma50"
0.8955,Mon Mar 02 15:52:28 +0000 2015,1351,1351,"Apple

Check it out! Celebrating the amazing, breathtaking photos of our customers shot on iPhone 6. http://t.co/J0HL5KEBLS"
-0.6688,Wed Feb 25 06:31:47 +0000 2015,1391,1391,Das war gro√üartig! Ich liebe Deutschland! http://t.co/43pHDyg8iK
0.8519,Tue Feb 24 10:34:09 +0000 2015,22333,22333,"Remembering Steve, who would have turned 60 today. ""The only way to do great work is to love what you do."" http://t.co/0YD0gZ7jvm"
0.7263,Mon Feb 23 14:36:59 +0000 2015,1206,1206,Here‚Äôs the last of 2400 giant panels for Apple Campus 2. Thanks to the innovative glass makers at seele in Augsburg! http://t.co/bZVe3dIGL0
0.8779,Tue Feb 17 23:08:40 +0000 2015,549,549,Honored to host @RepJohnLewis at Apple today. His 50-year march for justice and equality inspires us. @MARCHTrilogy http://t.co/I5ye7OdIDi
0.743,Mon Feb 16 03:34:02 +0000 2015,1962,1962,"Remembering Abraham Lincoln on #PresidentsDay, ""The best way to predict the future is to create it."""
0.8997,Sun Jan 25 21:57:45 +0000 2015,373,373,Congratulations to #Coach1K on becoming the first D-1 coach with 1000 wins! Historic and inspiring! @dukebasketball @dukeblueplanet
0.0,Sat Jan 24 04:24:50 +0000 2015,782,782,"Starting Something New in Hangzhou, China! #AppleStoreWestLake http://t.co/8L5gVKfLjn"
0.8883,Fri Jan 23 15:20:34 +0000 2015,709,709,Congratulations to @levie and the Box team on their IPO and for creating a great company!
0.0,Mon Jan 19 16:55:50 +0000 2015,1686,1686,"Timeless words from #MLK,  ‚ÄúOur lives begin to end the day we become silent about things that matter.‚Äù"
-0.0542,Mon Jan 19 14:47:36 +0000 2015,1287,1287,#MLK:There comes a time when one must take a position that is neither safe nor politic nor popular but he must take it because..it is right.
0.5106,Mon Jan 19 12:28:15 +0000 2015,867,867,"Honoring the life and legacy of Dr. Martin Luther King, Jr.  #MLK Apple http://t.co/ngqL0bym8y"
-0.7003,Sun Jan 11 15:19:55 +0000 2015,2004,2004,Marching in spirit with my friends in France in the march against terror at the #UnityRally. An attack on one is an attack on all.
0.5859,Fri Jan 09 00:55:20 +0000 2015,512,512,"In celebration of our customers, check out some of their amazing work:  Apple - Start Something New https://t.co/InCGWKHT0Z"
0.6369,Thu Jan 08 16:04:05 +0000 2015,747,747,We‚Äôre proud to create 1M+ US jobs in all 50 states and ring in another record-breaking year for developers globally. http://t.co/kQeHQVCGou
0.7717,Sat Jan 03 22:51:40 +0000 2015,911,911,"Running errands this afternoon and using #ApplePay. Thanks  @Walgreens, @WholeFoods, @Staples for valuing security, privacy, and simplicity."
0.3595,Thu Jan 01 15:51:17 +0000 2015,927,927,#HappyNewYear Everyone!  Spending the day with my nephew watching football  and creating my list of resolutions for 2015.
0.8588,Tue Dec 16 16:02:45 +0000 2014,735,735,Happy Holidays from all of us at Apple!  Apple - From one gift come many http://t.co/7WY97Rb0ej
0.5974,Wed Dec 10 17:53:06 +0000 2014,880,880,"Here come the most enterprising apps ever! IBM MobileFirst for iOS, Apple - Business - Mobile Enterprise Apps http://t.co/vXFs80nNwy"
0.7906,Wed Dec 10 15:58:18 +0000 2014,684,684,"On #HumanRightsDay, let us commit to our Founding Fathers vision, ""we hold these truths to be self evident, that all men are created equal""."
0.5106,Mon Dec 08 15:10:09 +0000 2014,512,512,Join us for the #HourofCode. Create something. Apple Retail Store - Hour of Code Workshop http://t.co/WBpwa17IXt
0.4767,Tue Dec 02 00:06:14 +0000 2014,335,335,RT @debdugan: Proud to spend #WorldAIDSDay with @tim_cook here at Apple Georgetown. #ThankYouApple $75MM &amp; counting. #AppsforRED http://t.c‚Ä¶
0.6249,Mon Dec 01 23:31:15 +0000 2014,818,818,Apple stores around the world are RED today for #WorldAIDSDay. Great to visit in Georgetown with @RED CEO @debdugan http://t.co/Ogq2yNM5hp
0.4588,Thu Nov 27 16:24:53 +0000 2014,1012,1012,Grateful to be a small part of the Apple community. #HappyThanksgiving
0.8225,Mon Nov 24 02:12:57 +0000 2014,1267,1267,Proud to announce our largest-ever World AIDS Day campaign. Join us in the fight and help save lives. http://t.co/QzjaL8hExI #AppsforRED
0.8481,Wed Nov 19 15:10:33 +0000 2014,743,743,Celebrating another 100% score on the HRC's Corporate Equality Index - Apple's 13th in a row. Inclusion inspires innovation. #CEI2015
0.5994,Mon Nov 17 01:12:16 +0000 2014,1577,1577,"Using Apple Pay at Whole Foods. Easy, Private, and Secure. http://t.co/Uzat5FNAHN"
0.9601,Tue Nov 11 12:22:32 +0000 2014,1159,1159,Today we honor the men and women who have sacrificed for our freedom.   We are deeply inspired by their courage and love of our country.
0.8906,Sun Nov 02 02:41:53 +0000 2014,806,806,Huge win for #Auburn!  Congratulations to @CoachGusMalzahn and all of the Auburn Tigers!  #WarEagle
0.4939,Mon Oct 27 22:55:39 +0000 2014,576,576,"Inspired by the students, teachers, and administrators at the 114 schools we‚Äôre partnering with for ConnectED http://t.co/WTsQT0yAD4"
0.9451,Thu Oct 23 01:21:43 +0000 2014,1644,1644,"Great to meet talented people like Zhang Fan, who helps make iPhone 6 in Zhengzhou. An early highlight of this trip. http://t.co/ALo5d3SiSZ"
0.1695,Sun Oct 19 19:01:25 +0000 2014,1129,1129,Don't ever forget where you came from.  http://t.co/SvZhQG6EKp
0.7841,Fri Oct 17 00:52:05 +0000 2014,1513,1513,"Very excited about iPad Air 2, the thinnest tablet in the world. We think our customers will love it. #iPadAir2 http://t.co/EfPpaBXX3O"
0.5574,Thu Oct 16 16:47:49 +0000 2014,1557,1557,Having a laugh with Craig backstage. Just a few more minutes.
0.7783,Thu Oct 16 14:18:54 +0000 2014,2567,2567,Looking forward to this morning's event. Hope you can join us. Apple - Apple Events - Special Event October 2014 http://t.co/2Iudkgv8NW
0.4588,Sun Oct 05 01:43:04 +0000 2014,1458,1458,In Grand Canyon National Park backpacking  and thinking of SJ and his many gifts to the world.
0.5106,Sun Oct 05 01:22:26 +0000 2014,4567,4567,"Remembering SJ, ""You have to trust in something ‚Äì your gut, destiny, life, karma, whatever."""
0.7351,Tue Sep 30 13:38:48 +0000 2014,12954,12954,Amazing to see the excited crowds today in Paris to preview Apple Watch for the first time at @coletteparis http://t.co/YTqzbqSGhC
0.4767,Mon Sep 22 22:00:46 +0000 2014,713,713,Proud to represent Apple at #CWNYC. The time for action on #climatechange is now.
0.6996,Sat Sep 20 23:38:48 +0000 2014,984,984,A shout-out to 3000 Apple employees and their families marching in the #AustinPride parade! Inclusion inspires innovation. #applepride
0.807,Fri Sep 19 17:26:18 +0000 2014,2499,2499,Thanks to all the new iPhone 6 and iPhone 6 Plus owners around the world! Had a great visit to our Palo Alto stores. http://t.co/XAxKLEQvjg
0.3612,Tue Sep 09 18:08:02 +0000 2014,6493,6493,One More Thing. Having the time of my life. It's a privilege to work with everyone at Apple.
0.8402,Tue Sep 09 17:34:37 +0000 2014,25083,25083,I'm backstage and this is my first tweet from my iPhone 6. It's amazing. You're going to love it.
0.7644,Tue Sep 09 12:56:29 +0000 2014,14409,14409,Looking forward to a great day in Cupertino! Join us at 10am Pacific. #AppleLive
0.8687,Thu Sep 04 22:48:01 +0000 2014,5857,5857,Apple - Live - Countdown to the Apple Special Event.  Wish I could say more.  I hope you can join us. http://t.co/2Iudkgv8NW
0.25,Fri Aug 29 14:05:49 +0000 2014,2414,2414,Dr. Martin Luther King delivered the speech of my lifetime 51 yrs ago today.We must recommit to achieving his vision. http://t.co/5BVStOF1a4
0.8481,Thu Aug 21 22:43:54 +0000 2014,495,495,"Honored to meet doctors &amp; Veterans with @RepAnnaEshoo at @VAPaloAlto, now using iPads to help treat Vets &amp; families. http://t.co/lOZwDT8KZu"
0.0772,Fri Aug 15 11:15:03 +0000 2014,3336,3336,Took the ALS #IceBucketChallenge with @michaelfranti at Apple. Challenge Bob Iger and @drdre. http://t.co/yc53yLofoA http://t.co/Tei0DwiefU
0.5423,Wed Aug 13 04:11:04 +0000 2014,2350,2350,Remembering Robin Williams.  Rest in Peace.  http://t.co/AoiDZH1j9a
0.7269,Tue Aug 12 00:08:42 +0000 2014,4011,4011,Heartbroken by the news of Robin Williams' passing. He was an incomparable talent and a great human being. Rest in peace.
0.7083,Sat Aug 09 20:13:49 +0000 2014,340,340,"@Pontifex: Violence is not conquered by violence. Lord, send us the gift of peace. #prayforpeace  Amen!"
0.5106,Wed Aug 06 15:19:26 +0000 2014,776,776,Apple &amp; the App Store are having a huge impact on Europe‚Äôs economy. Over 629K EU jobs created and many more to come. http://t.co/AzKjttCk93
0.7901,Tue Aug 05 17:22:11 +0000 2014,716,716,Thanks to our amazing developer community!  Apple says July was record-setting month for app store revenue http://t.co/BI8wFTTG5V
0.6369,Sun Aug 03 23:42:49 +0000 2014,396,396,Listening to one of the world's best bands on Sunday afternoon. iTunes Session by OneRepublic https://t.co/n9SqC5vBEQ
0.9412,Sun Aug 03 00:46:56 +0000 2014,989,989,Dreams. You're more powerful than you think. https://t.co/QAMrQH8454  Great examples of people who have the courage to pursue their dreams.
0.5093,Fri Aug 01 14:47:50 +0000 2014,2273,2273,"Welcome to the family---Jimmy, Dre, Luke, Ian and the entire beats team!
http://t.co/qECVlXlYQZ"
0.5411,Wed Jul 16 01:45:10 +0000 2014,3417,3417,Today Apple and IBM announced a landmark enterprise partnership.  Thanks Ginni!  #Apple #IBM http://t.co/0Rq48p7t7i
0.7845,Tue Jul 08 14:59:50 +0000 2014,1612,1612,Inclusion inspires innovation.  Pride: http://t.co/w7IWKAfEDP via @YouTube
0.8832,Fri Jul 04 15:58:03 +0000 2014,843,843,"Happy #4thofJuly!Reflecting on our values: Equality,Liberty,Pursuit of Happiness with a Govt of, by, &amp; for the people http://t.co/pSJVp0ynxM"
0.8271,Sun Jun 29 22:02:55 +0000 2014,3860,3860,Congrats to 5000 Apple employees/families who attended today‚Äôs Pride parade.Inclusion inspires innovation.#applepride http://t.co/4DncX8F6fO
0.9403,Wed Jun 25 13:59:21 +0000 2014,1980,1980,Enjoying the beauty of #Yosemite after hiking to Glacier Point. Amazing view of Half Dome. Perfect OSX name. http://t.co/TP38dRIAz8
0.8398,Mon Jun 23 05:04:59 +0000 2014,1792,1792,Congratulations to this amazing team at the new Apple Store Puerta del Sol in Madrid. Our 101st store in Europe! http://t.co/QFr0GNV9FS
0.296,Tue Jun 17 15:02:31 +0000 2014,1809,1809,I applaud @WhiteHouse decision to ban #LGBT discrimination at fed contractors. House must act on #ENDA.  A matter of basic human dignity.
0.0,Tue Jun 17 13:44:44 +0000 2014,1945,1945,RT @Nike: They can predict everything but heart. #justdoit http://t.co/6YH45414YQ
0.8622,Sat Jun 14 17:29:03 +0000 2014,761,761,Shout out to the winners of the 2014 #iPhone Photography Awards!  Awe-inspiring. Check them out and be amazed. http://t.co/kixtaYdVFQ
0.0,Sat Jun 14 16:18:27 +0000 2014,340,340,RT @OneRepublic: 1963 Airstream mobile recording studio. Flanked by our busses....  Powered by @APPLE and @tim_cook #NativeSummerTour http:‚Ä¶
0.891,Fri Jun 13 11:01:24 +0000 2014,604,604,RT @AngelaAhrendts: What an incredible day in Tokyo. Wonderful to meet so many of our dedicated customers in our beautiful new store. http:‚Ä¶
0.8908,Thu Jun 12 04:01:09 +0000 2014,1706,1706,A stunning new Apple Store opens Friday in Tokyo. Congratulations to our amazing team there! „ÅÑ„Çà„ÅÑ„Çà„Åì„ÅÆÊó•„Åå„ÇÑ„Å£„Å¶„Åç„Åæ„Åó„Åü.  http://t.co/yZMo7JlGGm
0.6369,Wed Jun 11 14:15:59 +0000 2014,996,996,The Game Before The Game. The team at #Beats captures it perfectly. A must watch before #World Cup.  http://t.co/qLJa2yTqAw
0.7964,Fri Jun 06 16:26:29 +0000 2014,1430,1430,Our AppleCare team is the best in the world. Thrilled to see them in action yesterday on our new campus in Austin. http://t.co/fTaMKzMi9o
0.0,Fri Jun 06 15:26:01 +0000 2014,2678,2678,"Watching the Mac Pro come together in Austin yesterday,thanks to a team loaded with American manufacturing expertise. http://t.co/5LcCOFIVgC"
0.9197,Mon Jun 02 20:40:59 +0000 2014,1468,1468,"Thrilled to meet many talented developers, especially these winners of our student scholarship program. Enjoy #WWDC! http://t.co/2uVvc9vHnT"
0.8957,Wed May 28 22:32:30 +0000 2014,5730,5730,"Sharing a laugh with Jimmy, Dre, and @cue. Excited to welcome the #Beats team to #Apple. It's all about the music. http://t.co/ZwyWgHFwhO"
0.9607,Sun May 25 16:51:39 +0000 2014,957,957,"On this #MemorialDay, let's honor the courageous men and women who made the ultimate sacrifice for love of country, liberty and freedom."
0.7378,Sat May 10 16:22:49 +0000 2014,433,433,Join me for lunch and advance human rights @rfkcenter.You can also be my VIP guest at an Apple event. https://t.co/02aONVPQM9 #RFKauction
0.4754,Wed Apr 23 15:23:57 +0000 2014,1163,1163,You are more powerful than you think. https://t.co/QAMrQH8454
0.8316,Tue Apr 22 23:31:20 +0000 2014,697,697,Celebrating Earth Day with Jack Johnson at Apple with our great team. http://t.co/J3IfmAUNth
0.784,Tue Apr 22 15:14:39 +0000 2014,1970,1970,Happy Earth Day!  ‚ÄúBetter can‚Äôt be better if it doesn‚Äôt consider everything‚Äù.  http://t.co/154pgPqxYk http://t.co/udKZNEil3y
0.6059,Tue Apr 22 03:23:12 +0000 2014,1898,1898,We want to leave the world better than we found it.  We‚Äôre proud of our progress but we know we have much more to do. http://t.co/iHzF9rUnx1
0.0,Fri Apr 11 17:18:14 +0000 2014,784,784,The House should mark the 50th anniversary of the Civil Rights Act by passing ENDA. @SpeakerBoehner @GOPLeader @NancyPelosi @WhipHoyer
0.0,Fri Apr 11 17:17:44 +0000 2014,472,472,"""We shall overcome"".  Reflecting on the 50th anniversary of the Civil Rights Act. Much done but much left to do. http://t.co/hk1IdRHZjU"
0.8065,Thu Apr 10 15:23:58 +0000 2014,57,57,@elsacollins @RealSMG @jasoncollins34 Welcome to iPhone!  We're happy you joined us!
0.0,Sat Apr 05 12:08:54 +0000 2014,2275,2275,Te≈üekk√ºr ederim to our customers in Istanbul and all the people of Turkey. http://t.co/4xD4A2X06c
0.6696,Fri Apr 04 18:08:26 +0000 2014,558,558,RT @RED: Great news to end the week! Apple's total for @RED reaches $70 MILLION. 100% goes to fight #AIDS. Thank you all for buying (APPLE)‚Ä¶
0.5093,Thu Mar 27 19:51:24 +0000 2014,4313,4313,Welcome to the #iPad and @AppStore!   @satyanadella and  Office for iPad
0.8268,Mon Mar 24 20:26:05 +0000 2014,1081,1081,Amazing!   From Ryan @OneRepublic:   And yes it's an iPhone.  Hold it reeeeeal still ;) http://t.co/QSqKO40VN5
0.8908,Fri Mar 21 15:35:00 +0000 2014,152,152,Very proud of the team @dukeplanet.  Best of luck to Coach K and the entire  #Duke team as the tournament gets underway. @dukebasketball
0.3182,Fri Mar 21 15:10:24 +0000 2014,2135,2135,Check this out. @jimmyfallon and @billyjoel with iPad and a cool app called Loopy HD. Magical. http://t.co/dWlZr6Lsm6
0.9042,Mon Mar 10 14:00:05 +0000 2014,322,322,"Great Auburn visit. Met @CoachGusMalzahn, @Pat_Sullivan7, coffee with Wade at @WakeUpAU, saw @AUTigerBaseball win, fun @AUAlumniAssoc dinner"
0.25,Mon Feb 24 15:07:04 +0000 2014,7921,7921,"Remembering Steve on his birthday:  ""Details matter, it‚Äôs worth waiting to get it right."""
0.8834,Mon Feb 24 15:05:14 +0000 2014,7247,7247,"Remembering my friend Steve on his birthday. ""Stay hungry, Stay foolish"". We honor him by continuing the work he loved so much."
0.8475,Fri Feb 21 17:34:54 +0000 2014,477,477,Discrimination ends when we refuse to accept it.  Very proud of #Coach Gus Malzahn.  Great leadership! http://t.co/uq7MffckAv
0.5255,Sat Feb 15 18:51:48 +0000 2014,1910,1910,'Obrigado' to everyone who visited our new store in Rio de Janeiro today and to our terrific customers across Brazil! http://t.co/3nFPxN4m3Y
0.7346,Fri Feb 14 05:13:09 +0000 2014,653,653,I'm tremendously proud of the progress Apple made in 2013. Read about it on our new SR website. http://t.co/xXNZ78t08W
0.25,Wed Feb 12 16:29:50 +0000 2014,1507,1507,"Abraham #Lincoln's timeless advice:   ""I will prepare and someday my chance will come""."
0.4588,Wed Feb 12 16:27:39 +0000 2014,666,666,Remembering Lincoln today and his dedication to the proposition that all men are created equal. We are still seeking to fullfill his dream.
0.9151,Mon Feb 03 05:00:20 +0000 2014,602,602,"RT @cue: Get the new @U2 song ‚ÄúInvisible‚Äù for free on iTunes, and BofA will give $1 for @RED. Great music, great cause! http://t.co/BwmEnpk‚Ä¶"
0.6114,Sat Jan 25 01:49:47 +0000 2014,2751,2751,Still standing at the intersection of technology and the liberal arts. Happy Birthday Mac! http://t.co/w1WhQEvn2i
0.8979,Sat Jan 25 01:42:46 +0000 2014,1059,1059,Celebrating Mac's 30th with some of my closest friends in Cupertino with OneRepublic. Awesome.
0.784,Fri Jan 24 13:38:28 +0000 2014,5287,5287,Happy Birthday Mac!  My life is infinitely better because we met. Today we salute everything you stand for. http://t.co/seLULo2cQ6
0.0,Mon Jan 20 05:15:22 +0000 2014,1381,1381,"Timeless advice from MLK:  ""The time is always right to do what is right""."
0.7003,Mon Jan 20 05:08:15 +0000 2014,558,558,"MLK: I have a dream that one day this nation will rise up and live out the true meaning of its creed: - "".. that all men are created equal.'"
0.5945,Mon Jan 20 05:02:43 +0000 2014,650,650,"MLK:  Life's most persistent and urgent question is, ""What are you doing for others?  He said this 50 years ago and it is still true today."
-0.0258,Mon Jan 20 04:57:54 +0000 2014,824,824,"Remembering my lifelong hero. ""Injustice anywhere is a threat to justice everywhere.""- Dr. Martin Luther King"
0.5562,Fri Jan 17 04:52:03 +0000 2014,1302,1302,Having fun in Beijing at the iPhone launch with China Mobile! http://t.co/AqoqLbbeO7
0.3612,Thu Jan 16 03:34:22 +0000 2014,992,992,"If you haven't seen this, I'd recommend watching it. What will your verse be?  http://t.co/8nyIRPQ21f"
0.8065,Tue Jan 07 15:27:51 +0000 2014,214,214,"Congratulations to #FSU coaches, team, and fans!  #BCS Champs!"
0.8074,Tue Jan 07 15:25:52 +0000 2014,1506,1506,Shout out to @CoachGusMalzahn and the entire #Auburn team.  You made us proud. It was a wild ride and you reminded us of why we love Auburn.
0.8777,Wed Jan 01 14:27:47 +0000 2014,2094,2094,Happy New Year! Wishing everyone their best year yet.
0.4754,Wed Dec 18 15:48:45 +0000 2013,6610,6610,We have begun manufacturing the Mac Pro in Austin.  It‚Äôs the most powerful Mac ever.  Orders start tomorrow. http://t.co/Jrd1Gic3Ya
0.8858,Wed Dec 18 04:17:26 +0000 2013,1312,1312,Happy Holidays to all of our amazing customers!   http://t.co/eonnck8cDF
0.7712,Mon Dec 09 14:56:13 +0000 2013,514,514,Honored that #Apple is being recognized by the #HRC for our efforts to promote equality. 12th year in a row! http://t.co/ERJbYBwV4f
0.3365,Sun Dec 08 02:27:48 +0000 2013,501,501,SEC champs! Shout out for all of the players and coaches. See you at the championship game. War Eagle! https://t.co/zmhL7aAYOI
0.0,Fri Dec 06 12:43:36 +0000 2013,1699,1699,"‚Äú What counts in life is not the mere fact that we have lived. It is what difference we have made to the lives of others....."" Mandela 2002"
0.9325,Fri Dec 06 01:39:47 +0000 2013,1722,1722,Amazing human being. Champion of freedom and human dignity. He set an example for all of the world. RIP Nelson Mandela. We miss you already.
0.5106,Sun Dec 01 14:08:42 +0000 2013,4138,4138,We are marking #World AIDS Day by turning Apple's logo red. Together we can achieve an AIDS free generation. http://t.co/3kdx9UZr9f
-0.5195,Sun Dec 01 00:57:27 +0000 2013,1298,1298,I'll never tire of listening to this!  Could not be more proud of the Tigers!   https://t.co/G0ojg9Nyvm
0.9474,Sun Dec 01 00:29:34 +0000 2013,6551,6551,RT @espn: AUBURN WINS!! AUBURN WINS!!! AUBURN WINS!!
0.9508,Thu Nov 28 14:38:53 +0000 2013,1007,1007,Grateful this #Thanksgiving for amazing customers and the privilege to work with fantastic people.  Happy Thanksgiving!
-0.079,Sat Nov 23 21:04:16 +0000 2013,187,187,Very proud of the Blue Devils.  https://t.co/3TooxRBg4a
0.6808,Fri Nov 22 19:50:14 +0000 2013,220,220,"RT @KerryKennedyRFK: ‚ÄúIf we cannot end now our differences, at least we can help make the world safe for diversity.‚Äù -#JFK, June 10, 1963"
-0.6597,Fri Nov 22 19:15:02 +0000 2013,1322,1322,"Timeless advice.  ""Let both sides explore what problems unite us instead of belaboring those problems which divide us."" - #JFK, 1961"
-0.34,Sun Nov 17 00:52:11 +0000 2013,87,87,"RT @TheAUPlainsman: FINAL: No. 7 Auburn 43, No. 25 Georgia 38. One of the biggest plays in Auburn history sets up one of the biggest Iron B‚Ä¶"
0.8313,Thu Nov 07 20:43:34 +0000 2013,718,718,Thanks to all Senators who supported ENDA!  I encourage the House to follow suit and end discrimination. http://t.co/nXEhA9IKRf
0.0,Mon Nov 04 19:46:03 +0000 2013,388,388,http://t.co/PjGkNqNREn
0.5106,Tue Oct 22 16:20:39 +0000 2013,4778,4778,Can't wait to get underway. Having fun backstage.
0.6588,Fri Oct 18 17:01:57 +0000 2013,235,235,Looking forward to a great season!  https://t.co/EJ2mpToVWV
0.8074,Wed Oct 16 13:08:08 +0000 2013,2516,2516,Our home for innovation and creativity for decades to come. Cupertino City Council Gives Unanimous Approval for Apple's New Campus
0.5081,Sun Oct 13 21:21:59 +0000 2013,324,324,"Very proud of the Tigers! ‚Äú@TheAUPlainsman: Auburn comes in at No. 24 in this week's AP top 25 poll:
http://t.co/wRa5FfaPpF‚Äù"
-0.25,Sat Oct 05 14:10:45 +0000 2013,9332,9332,Second anniversary of Steve's death. Going on a long hike today and reflecting on his friendship and all the dents he made in the universe.
0.8908,Mon Sep 23 15:59:29 +0000 2013,2639,2639,Thanks to all our amazing customers for the fantastic weekend!
0.4201,Sun Sep 22 12:05:30 +0000 2013,3068,3068,RT @ConanOBrien: iOS7? More like iOSHeaven. #ApplePleaseSendMeAniPad
0.6096,Fri Sep 20 19:02:22 +0000 2013,7019,7019,Visited Retail Stores in Palo Alto today. Seeing so many happy customers reminds us of why we do what we do.
